素材ID,素材名称,主体,内容,类型,痛点,打点,打点分桶,呈现方式,演员,编导,后期,投放剪辑,制作月份,是否投放双开头,消耗,转化数,录入数,t0加微数,当月录入当月邀约数,当月录入当月初诊数,当月录入当月首付费数,当月录入当月付费金额,T0加微率,当月当期邀约率,当月当期到诊率,当月当期付费总金额,当月当期客单价,当月当期ROI
7644026413071548457,推送视频_8植发-剧情边框-豆豆MARC-志松-下调（技术）（案例）（诊室）-跃海-20260525-广审版.mp4,广州,植发,剧情,技术,案例,其他,诊室,豆豆|MARC,志松,跃海,,202605,,94941.85,167,159,79,25,18,4,115426,0.47,0.16,0.11,115426,28856.50,1.22
7619533815904632841,推送视频_8植发-剧情-昊天丽娜-志松-怎么了（价格）（钱）（空镜）-时亿-260320.mp4,广州,植发,剧情,价格,钱,其他,空镜,丽娜|昊天,志松,时亿,,202603,,74173.54,154,150,71,26,17,8,94197,0.46,0.17,0.11,94197,11774.62,1.27
7644025188117397546,推送视频_8植发-剧情-豆豆MARC-舒曼-下调（技术）（案例）（诊室）-跃海-20260525-广审版.mp4,广州,植发,剧情,技术,案例,其他,诊室,豆豆|MARC,舒曼,跃海,,202605,,62901.15,115,105,59,16,8,1,12900,0.51,0.15,0.08,12900,12900.00,0.21
7649659876452565038,推送视频_HB改植发剧情豆豆MARC舒曼下调（技术）（案例）（诊室）跃海20260610.mp4,广州,植发,剧情,技术,案例,其他,诊室,豆豆|MARC,舒曼,跃海,HB,202606,,60569.11,118,111,60,11,7,4,72589,0.51,0.10,0.06,72589,18147.25,1.20
7504929498410139702,推送视频_18-本地生活-18植发-混剪-wsm-wsm-80毛囊改编-250516.mp4,广州,植发,混剪,,,无,,,,,,202505,,30150.82,49,48,22,2,2,0,0,0.45,0.04,0.04,0,,0.00
7651558473001140265,推送视频_5植发-混剪-空空-舒曼-毛流感(女性美学)(漂亮)(空镜)-晓君-20260608.mp4,广州,植发,混剪,女性美学,漂亮,其他,空镜,空空,舒曼,晓君,,202606,,29679.05,41,38,23,2,2,0,0,0.56,0.05,0.05,0,,0.00
7580999719885946890,21(1).mp4,广州,,,,,无,,,,,,,,29631.19,51,50,21,3,2,0,0,0.41,0.06,0.04,0,,0.00
7647755631001337892,推送视频_植发-剧情-丽娜田涛-设计-优势-诊室-刘超-七量-LC-20260606.mp4,广州,植发,剧情,设计,优势,其他,诊室,丽娜|田涛,刘超,LC,,202606,,27838.55,51,49,23,4,1,0,0,0.45,0.08,0.02,0,,0.00
7614532438156902438,推送视频_3植发-混剪-空空-黄笑-毛流感（女性美学）（空镜）-时亿-260302(1).mp4,广州,植发,混剪,女性美学,,无,空镜,空空,黄笑,时亿,,202603,,27164.82,35,29,19,4,2,0,0,0.54,0.14,0.07,0,,0.00
7645515025734172722,推送视频_8植发-剧情边框-豆豆MARC-志松-下调（技术）（案例）（诊室）-跃海-20260525.mp4,深圳,植发,剧情,技术,案例,其他,诊室,豆豆|MARC,志松,跃海,,202605,,16175.03,37,31,18,4,2,1,15480,0.49,0.13,0.06,15480,15480.00,0.96
7652256317897981998,推送视频_6植发-混剪-空空-舒曼-2026（女性美学）（漂亮）（空镜）-李铁良-20260615.mp4,广州,植发,混剪,女性美学,漂亮,其他,空镜,空空,舒曼,铁良,,202606,,16039.23,22,22,14,2,2,1,11280,0.64,0.09,0.09,11280,11280.00,0.70
7647832501743173684,推送视频_4植发-混剪-空空-舒曼-发际线（女性美学）（漂亮）（空镜）-跃海-20260604-广审版.mp4,广州,植发,混剪,女性美学,漂亮,其他,空镜,空空,舒曼,跃海,,202606,,13105.29,31,25,13,4,4,1,10000,0.42,0.16,0.16,10000,10000.00,0.76
7647837424226074660,推送视频_4植发-混剪边框-空空-舒曼-发际线（女性美学）（漂亮）（空镜）-跃海-20260604-广审版.mp4,广州,植发,混剪,女性美学,漂亮,其他,空镜,空空,舒曼,跃海,,202606,,10879.47,23,22,11,1,0,0,0,0.48,0.05,0.00,0,,0.00
7612115278185529386,推送视频_HB改-植发-剧情-智贺圣男-志松-2000根头发（价格）（诊室）-婷-20260228.mp4,广州,植发,剧情,价格,,无,诊室,圣男|智贺,志松,,HB,202602,,10648.42,20,19,9,2,1,0,0,0.45,0.11,0.05,0,,0.00
7621091435241930767,推送视频_4植发-剧情边框-雅婷豆豆-黄笑-美人尖（女性美学）（技术）（诊室）-跃海-260324-广审版.mp4,广州,植发,剧情,技术,,无,诊室,雅婷|豆豆,黄笑,跃海,,202603,,9374.31,11,9,4,1,0,0,0,0.36,0.11,0.00,0,,0.00
7580996850510872602,9.mp4,广州,,,,,无,,,,,,,,8962.19,22,20,11,4,3,1,30149,0.50,0.20,0.15,30149,30149.00,3.36
7620712818019549222,推送视频_13植发-剧情-雅婷智贺-舒曼-不去了(女性美学)(道歉)(诊室)-晓君-20260313.mp4,深圳,植发,剧情,女性美学,道歉,其他,诊室,雅婷|智贺,舒曼,晓君,,202603,,8898.37,24,20,8,2,2,1,13000,0.33,0.10,0.10,13000,13000.00,1.46
7652544936324202532,2植发-混剪-空空-舒曼-下调（女性美学）（漂亮）（空镜）-跃海-20260617,广州,植发,混剪,女性美学,漂亮,其他,空镜,空空,舒曼,跃海,,202606,,8350.95,14,12,9,3,2,0,0,0.64,0.25,0.17,0,,0.00
7623322928765255706,推送视频_YG-植发-剧情-雅婷智贺-舒曼-价格-2000根-诊室-YG-20260330.mp4.mp4,深圳,植发,剧情,价格,,无,诊室,雅婷|智贺,舒曼,,YG,202603,,8162.14,22,22,10,5,3,1,14850,0.45,0.23,0.14,14850,14850.00,1.82
7633271127369449499,推送视频_YG-植发-剧情-雅婷智贺-舒曼-价格-2000根-诊室-YG-20260330.mp4,广州,植发,剧情,价格,,无,诊室,雅婷|智贺,舒曼,,YG,202603,,8043.60,19,19,6,1,0,0,0,0.32,0.05,0.00,0,,0.00
7617675728202727462,推送视频_10植发混剪空空价格空镜希琛大字报2门头方案马亚书260310,广州,植发,混剪,方案,方案,方案,空镜,空空,希琛,亚书,,202603,,7434.96,18,18,9,4,2,0,0,0.50,0.22,0.11,0,,0.00
7648862182912229411,推送视频_8植发-剧情边框-豆豆MARC-舒曼-下调（技术）（案例）（诊室）-跃海-20260529.mp4,广州,植发,剧情,技术,案例,其他,诊室,豆豆|MARC,舒曼,跃海,,202605,,7292.26,15,14,7,2,2,0,0,0.47,0.14,0.14,0,,0.00
7584264608858488883,推送视频_本地生活-9植发-实拍脚本9-刘婷-gzs-2512102000根头发（价格）-251211.mp4,广州,植发,,价格,,无,,,,刘婷,,202512,,7275.26,11,10,4,0,0,0,0,0.36,0.00,0.00,0,,0.00
7628501110178168884,推送视频_5植发-剧情-雅婷智贺-舒曼-不去了(女性美学)(道歉)(诊室)-晓君-20260326.mp4,广州,植发,剧情,女性美学,道歉,其他,诊室,雅婷|智贺,舒曼,晓君,,202603,,6404.79,16,13,5,0,0,0,0,0.31,0.00,0.00,0,,0.00
7632920600605524008,推送视频_14植发-剧情-空空-舒曼-花瓣形（女性美学）（漂亮）（诊室）-跃海-260423-广审版.mp4,广州,植发,剧情,女性美学,漂亮,其他,诊室,空空,舒曼,跃海,,202604,,6030.82,8,9,5,4,3,1,12800,0.62,0.44,0.33,12800,12800.00,2.12
7652256211245727771,推送视频_8植发-混剪-空空-舒曼-自然（女性美学）（漂亮）（空镜）-李铁良-20260615.mp4,广州,植发,混剪,女性美学,漂亮,其他,空镜,空空,舒曼,铁良,,202606,,5928.00,20,19,8,4,3,0,0,0.40,0.21,0.16,0,,0.00
7580728461142982675,推送视频_笑笑9月爆款新广-广.mp4,广州,,,,,无,,,,,,,,5864.97,7,6,4,1,0,0,0,0.57,0.17,0.00,0,,0.00
7588093607501660195,推送视频_新版贴片-本地生活-33植发-美学实拍14-WL-舒曼-植出毛流感（小红书）.mp4,广州,植发,,,,无,,,舒曼,,,,,5116.42,12,11,4,4,4,0,0,0.33,0.36,0.36,0,,0.00
7620768014427275318,推送视频_SY改-植发-剧情-美学-混剪6-crc-wsm-（美学）-260312.mp4,广州,植发,剧情,,,无,,,,,SY,202603,,5016.25,7,7,6,0,0,0,0,0.86,0.00,0.00,0,,0.00
7588000693702049828,推送视频_植发混剪空空价格空镜希琛门头2方案马亚书251223251223,广州,植发,混剪,方案,方案,方案,空镜,空空,希琛,亚书,,,,4999.38,9,8,4,0,0,0,0,0.44,0.00,0.00,0,,0.00
7625939128539742260,SY植发-口播-广硕-价格-大厅-志松-撕纸-张明辉-251213-260407.mp4,广州,植发,口播,价格,,无,大厅,广硕,志松,明辉,SY,202604,,4960.28,10,10,4,2,1,0,0,0.40,0.20,0.10,0,,0.00
7645244311048405028,推送视频_8植发-剧情边框-豆豆MARC-舒曼-下调（技术）（案例）（诊室）-跃海-20260529-广审版.mp4,广州,植发,剧情,技术,案例,其他,诊室,豆豆|MARC,舒曼,跃海,,202605,,4676.29,10,7,3,1,1,0,0,0.30,0.14,0.14,0,,0.00
7576464778395893775,推送视频_本地生活-6植发-混剪脚本6-刘婷-hx-2511242026年（半美学）-251124.mp4,广州,植发,混剪,,,无,,,,刘婷,,202511,,4664.07,11,8,2,0,0,0,0,0.18,0.00,0.00,0,,0.00
7649226077018357770,推送视频_植发-剧情-豆豆依楠-设计-画线-诊室-刘超-女爆-LC-20260608(1).mp4,广州,植发,剧情,设计,画线,其他,诊室,依楠|豆豆,刘超,LC,,202606,,4652.21,7,7,5,0,0,0,0,0.71,0.00,0.00,0,,0.00
7647462369023213574,HB改-植发-混剪-空空-志松-女性美学-价格-空镜-20260604.mp4,广州,植发,混剪,价格,,无,空镜,空空,志松,,HB,202606,,4559.49,6,6,2,1,1,0,0,0.33,0.17,0.17,0,,0.00
7639280667696037926,推送视频_4植发-剧情-雅婷智贺-舒曼-不去了(女性美学)(道歉)(诊室)-晓君-20260513.mp4,广州,植发,剧情,女性美学,道歉,其他,诊室,雅婷|智贺,舒曼,晓君,,202605,,4496.21,9,9,5,0,0,0,0,0.56,0.00,0.00,0,,0.00
7620633028822220819,推送视频_13植发-剧情-雅婷智贺-舒曼-不去了(女性美学)(道歉)(诊室)-晓君-20260313.mp4,广州,植发,剧情,女性美学,道歉,其他,诊室,雅婷|智贺,舒曼,晓君,,202603,,3912.35,10,8,0,1,0,0,0,0.00,0.12,0.00,0,,0.00
7649681352838070313,推送视频_YG-植发-混剪-雅婷-2000根-价格-混拼-YG-260610.mp4,广州,植发,混剪,价格,,无,,雅婷,,,YG,202606,,3726.13,3,3,1,0,0,0,0,0.33,0.00,0.00,0,,0.00
7617744585830023210,HB改-植发-混剪-空空-黄笑-高额头-女性美学-空境-HB-20260316.mp4,广州,植发,混剪,女性美学,,无,,空空,黄笑,,HB,202603,,3570.53,4,3,3,0,0,0,0,0.75,0.00,0.00,0,,0.00
7629648372479770666,推送视频_本地生活-1植发-混剪1-陈晓君-gzs-260205敢不敢(技术)(诊室)-260205.mp4,深圳,植发,混剪,技术,,无,诊室,,,晓君,,202602,,3544.72,3,3,3,0,0,0,0,1.00,0.00,0.00,0,,0.00
7661529131923406875,植发-剧情-丽娜田涛-设计-优势-诊室-刘超-爆下-LC-20260709.mp4,广州,植发,剧情,设计,优势,其他,诊室,丽娜|田涛,刘超,LC,,202607,,3451.15,2,2,2,0,0,0,0,1.00,0.00,0.00,0,,0.00
7602138023439401010,推送视频_植发-混剪-空空-价格-空镜-希琛-大字报门头方案-马亚书-260127-260127.mp4,广州,植发,混剪,方案,方案,方案,空镜,空空,希琛,亚书,,202601,,3338.14,6,6,5,3,2,2,32000,0.83,0.50,0.33,32000,16000.00,9.59
7639280507613200419,推送视频_SY植发-混剪-陈晓君-舒曼-喜欢吗(价格)(空镜)-260505.mp4,广州,植发,混剪,价格,,无,空镜,,舒曼,晓君,SY,202605,,3193.87,5,5,2,0,0,0,0,0.40,0.00,0.00,0,,0.00
7631098334070865983,推送视频_5植发-混剪-空空-黄笑-表格(女性美学)(漂亮)(空镜)-陈晓君-20260415.mp4,广州,植发,混剪,女性美学,漂亮,其他,空镜,空空,黄笑,晓君,,202604,,3075.50,8,8,2,0,0,0,0,0.25,0.00,0.00,0,,0.00
7580288390320898111,推送视频_改广-本地生活-植发-实拍5-时亿-hx-1111-3200-方案-251113(2).mp4,广州,植发,,方案,方案,方案,,,,时亿,,203200,,2928.27,4,3,3,0,0,0,0,0.75,0.00,0.00,0,,0.00
7624742742012067840,植发混剪美学女性志松sy改-260404.mp4,广州,植发,混剪,,,无,,,志松,,,202604,,2926.70,3,3,3,0,0,0,0,1.00,0.00,0.00,0,,0.00
7644030409839722496,8植发-剧情-豆豆MARC-舒曼-下调（技术）（案例）（诊室）-跃海-20260525-深审版.mp4,深圳,植发,剧情,技术,案例,其他,诊室,豆豆|MARC,舒曼,跃海,,202605,,2434.88,5,4,3,0,0,0,0,0.60,0.00,0.00,0,,0.00
7612115314520784959,推送视频_HB改-植发-混剪-空空-舒曼-不去了-价格-空境-HB-20250301.mp4,广州,植发,混剪,价格,,无,,空空,舒曼,,HB,202503,,2287.20,4,4,0,1,1,0,0,0.00,0.25,0.25,0,,0.00
7635653880573067290,推送视频_HB改-植发-混剪-空空-不疼吧-价格-空镜-HF-HB-20260503.mp4,广州,植发,混剪,价格,,无,空镜,空空,,,HB|HF,202605,,2076.36,2,2,1,0,0,0,0,0.50,0.00,0.00,0,,0.00
7628453831710507042,推送视频_3植发-边框剧情-凤龙丹丹-舒曼-花瓣形（女性美学）（漂亮）（诊室）-艳秋-260414.mp4,广州,植发,剧情,女性美学,漂亮,其他,诊室,凤龙|丹丹,舒曼,艳秋,,202604,,2006.57,3,2,1,0,0,0,0,0.33,0.00,0.00,0,,0.00
7625840460668239887,推送视频_6植发-混剪-空空-舒曼-80毛囊(价格)(钱)(空镜)-晓君-20260403.mp4,深圳,植发,混剪,价格,钱,其他,空镜,空空,舒曼,晓君,,202604,,1698.01,4,4,1,0,0,0,0,0.25,0.00,0.00,0,,0.00
7633228173375520810,推送视频_HB改-植发-混剪-空空-志松-睡一觉-价格-诊室-HB-20250301.mp4,广州,植发,混剪,价格,,无,诊室,空空,志松,,HB,202503,,1581.43,2,2,1,2,2,1,3380,0.50,1.00,1.00,3380,3380.00,2.14
7625938479236382760,SY改广植发-混剪-空空-方案+大字报-260404.mp4,广州,植发,混剪,方案,方案,方案,,空空,,,SY,202604,,1544.25,3,3,2,0,0,0,0,0.67,0.00,0.00,0,,0.00
7624912260595859507,SY改7植发-剧情-昊天丽娜-志松-鬓角区35-260404.mp4,广州,植发,剧情,,,无,,丽娜|昊天,志松,,SY,202604,,1511.18,0,0,0,0,0,0,0,,,,0,,0.00
7617745017533333539,推送视频_HB改-植发-混剪-舒曼-秃不秃剪掉分层植发-女性美学-空境-HB-20260316.mp4,广州,植发,混剪,女性美学,,无,,,舒曼,,HB,202603,,1272.01,0,0,0,0,0,0,0,,,,0,,0.00
7628501061726666758,推送视频_8植发-混剪-空空-舒曼-流行(女性美学)(漂亮)(空镜)-晓君-20260331.mp4,广州,植发,混剪,女性美学,漂亮,其他,空镜,空空,舒曼,晓君,,202603,,1267.13,4,4,4,0,0,0,0,1.00,0.00,0.00,0,,0.00
7615244493588234255,HB改-植发-混剪-空空-黄笑-高额头变女神-女性美学-空境-HB-20260309.mp4,广州,植发,混剪,女性美学,,无,,空空,黄笑,,HB,202603,,1192.82,3,3,2,1,0,0,0,0.67,0.33,0.00,0,,0.00
7661884696676352006,推送视频_3植发-剧情-豆豆MARC-舒曼-贴点（女性美学）（发际线下调）（诊室）-王磊-20260710.mp4,广州,植发,剧情,女性美学,发际线下调,发际线下调,诊室,豆豆|MARC,舒曼,王磊,,202607,,1177.59,2,2,1,0,0,0,0,0.50,0.00,0.00,0,,0.00
7604682792791588879,推送视频_本地生活-1植发-混剪1-陈晓君-gzs-260205敢不敢(技术)(诊室)-260205.mp4,广州,植发,混剪,技术,,无,诊室,,,晓君,,202602,,1166.40,3,2,2,1,1,0,0,0.67,0.50,0.50,0,,0.00
7645244171776049178,推送视频_8植发-剧情-豆豆MARC-舒曼-下调（技术）（案例）（诊室）-跃海-20260529-广审版.mp4,广州,植发,剧情,技术,案例,其他,诊室,豆豆|MARC,舒曼,跃海,,202605,,995.72,0,0,0,0,0,0,0,,,,0,,0.00
7659333370759725083,推送视频_1植发-剧情创新-齐政莱莱 -舒曼-小一圈（女性美学）（漂亮）（诊室）-跃海-260703.mp4,广州,植发,剧情,女性美学,漂亮,其他,诊室,,舒曼,跃海,,202607,,953.76,5,5,3,1,1,1,11000,0.60,0.20,0.20,11000,11000.00,11.53
7597989363764035622,推送视频_植发-剧情-丽娜田涛-设计-诊室-刘超-女性算毛囊咨询-260107-260118.mp4,广州,植发,剧情,设计,,无,诊室,丽娜|田涛,刘超,,,202601,,872.20,2,2,0,0,0,0,0,0.00,0.00,0.00,0,,0.00
7649660007034437672,推送视频_HB改植发混剪空空女性美学黄笑高额头空境20260610.mp4,广州,植发,混剪,女性美学,,无,,空空,黄笑,,HB,202606,,846.93,1,2,0,0,0,0,0,0.00,0.00,0.00,0,,0.00
7602874944947486739,推送视频_本地生活9植发混剪9陈晓君wsm260130睡一技术空镜260130,广州,植发,混剪,技术,,无,空镜,,,晓君,,202601,,846.87,1,1,1,0,0,0,0,1.00,0.00,0.00,0,,0.00
7654458181705908234,XX-植发-混剪-空空-舒曼-2026（女性美学）（漂亮）（空镜）-李铁良-20260623.mp4,广州,植发,混剪,女性美学,漂亮,其他,空镜,空空,舒曼,铁良,XX,202606,,785.49,2,2,0,0,0,0,0,0.00,0.00,0.00,0,,0.00
7618957231766798355,推送视频_3植发-混剪-空空-志松-2026新流行（女性美学）（对比）（空镜）-艳秋-20260317.mp4,广州,植发,混剪,女性美学,对比,其他,空镜,空空,志松,艳秋,,202603,,777.30,2,2,1,0,0,0,0,0.50,0.00,0.00,0,,0.00
7650022137834061878,推送视频_植发-拼接-空空-技术-漂亮-空镜-王赫-头像7女）-WH-260611.mp4,广州,植发,,技术,漂亮,其他,空镜,空空,王赫,WH|王赫,,202606,,774.30,3,3,0,0,0,0,0,0.00,0.00,0.00,0,,0.00
7651812084554530851,推送视频_1植发-剧情-MARC圣男-志松-2cm（女性美学）（漂亮）（诊室）-跃海-20260615.mp4,广州,植发,剧情,女性美学,漂亮,其他,诊室,圣男|MARC,志松,跃海,,202606,,736.20,0,0,0,0,0,0,0,,,,0,,0.00
7598075366923026483,推送视频_0122-my改.mp4,广州,,,,,无,,,,,,200122,,729.44,0,0,0,0,0,0,0,,,,0,,0.00
7661525832738865187,植发-混剪-空空-空镜-时间-钱-门头大字报2-希琛-马亚书-260707.mp4,广州,植发,混剪,时间,钱,其他,空镜,空空,希琛,亚书,,202607,,701.42,1,1,0,0,0,0,0,0.00,0.00,0.00,0,,0.00
7662980360336425001,植发-混剪-空空-舒曼志松-发际线（女性美学）（发际线下调）（空镜）-跃海-20260716.mp4,广州,植发,混剪,女性美学,发际线下调,发际线下调,空镜,空空,志松|舒曼,跃海,,202607,1,699.46,2,2,2,0,0,0,0,1.00,0.00,0.00,0,,0.00
7644026248663892002,推送视频_11植发-剧情边框-豆豆MARC-舒曼-高回报（效果）（漂亮）（诊室）-跃海-20260525-广审版.mp4,广州,植发,剧情,效果,漂亮,其他,诊室,豆豆|MARC,舒曼,跃海,,202605,,699.10,1,1,1,0,0,0,0,1.00,0.00,0.00,0,,0.00
7610264376173297698,推送视频_0224-秃不秃&半美学02.mp4,广州,,,,,无,,,,,,200224,,684.29,1,1,0,0,0,0,0,0.00,0.00,0.00,0,,0.00
7615243192360861711,HB改-植发-混剪-空空-笑笑-2026毛流感拼高额头-女性美学-空境-HB-20260309.mp4,广州,植发,混剪,女性美学,,无,,空空,,,HB,202603,,679.60,1,2,0,0,0,0,0,0.00,0.00,0.00,0,,0.00
7622502169217253391,推送视频_6植发-剧情-圣男广硕-舒曼-花瓣形（女性美学）（漂亮）（诊室）-跃海-260324-广审版.mp4,广州,植发,剧情,女性美学,漂亮,其他,诊室,圣男|广硕,舒曼,跃海,,202603,,609.07,3,3,3,1,1,0,0,1.00,0.33,0.33,0,,0.00
7646294030086881330,19植发-口播-圣男-美学-漂亮-诊室-刘超-努力-时亿-260601.mp4,广州,植发,口播,,漂亮,其他,诊室,圣男,刘超,时亿,,202606,,602.32,2,1,0,0,0,0,0,0.00,0.00,0.00,0,,0.00
7598452162448392211,推送视频_本地生活-1植发-混剪脚本1-wsm3-5-刘婷-hx-260119（美学）-260119-广审.mp4,广州,植发,混剪,,,无,,,,刘婷,,202601,,581.00,0,0,0,0,0,0,0,,,,0,,0.00
7644026424793874478,推送视频_9植发-剧情边框-豆豆MARC-志松-大脑门（效果）（漂亮）（诊室）-跃海-20260525-广审版.mp4,广州,植发,剧情,效果,漂亮,其他,诊室,豆豆|MARC,志松,跃海,,202605,,577.31,0,0,0,0,0,0,0,,,,0,,0.00
7615944340146962484,13植发-剧情-里格明宸-舒曼-年轻(女性美学)(诊室)-晓君-260305.mp4,广州,植发,剧情,女性美学,,无,诊室,明宸|里格,舒曼,晓君,,202603,,569.01,0,0,0,0,0,0,0,,,,0,,0.00
7624742644120256512,SY改植发剧情丽娜昊天价格志松-260404.mp4,广州,植发,剧情,价格,,无,,丽娜|昊天,志松,,SY,202604,,547.46,1,1,1,1,0,0,0,1.00,1.00,0.00,0,,0.00
7615248146675744795,HB改-植发-混剪-空空-黄笑-秃不秃拼高额头-女性美学-空境-HB-20260309.mp4,广州,植发,混剪,女性美学,,无,,空空,黄笑,,HB,202603,,542.16,0,0,0,0,0,0,0,,,,0,,0.00
7604123193789366326,推送视频_本地生活-美学-混剪6-crc-wsm-（美学）-260127.mp4,广州,,混剪,,,无,,,,,,202601,,542.15,0,0,0,0,0,0,0,,,,0,,0.00
7614531896954535970,推送视频_2植发-剧情-里格明宸-舒曼-不去了（价格）（诊室）-时亿-260303(1).mp4,广州,植发,剧情,价格,,无,诊室,明宸|里格,舒曼,时亿,,202603,,533.57,1,1,0,0,0,0,0,0.00,0.00,0.00,0,,0.00
7628453709054984255,推送视频_7植发-边框剧情-凤龙丹丹-舒曼-植了没植（女性美学）（漂亮）（诊室）-艳秋-260414.mp4,广州,植发,剧情,女性美学,漂亮,其他,诊室,凤龙|丹丹,舒曼,艳秋,,202604,,495.20,2,1,1,0,0,0,0,0.50,0.00,0.00,0,,0.00
7661528348268740671,植发-剧情-昊天依楠-设计-优势-诊室-刘超-爆天-LC-20260709.mp4,广州,植发,剧情,设计,优势,其他,诊室,昊天|依楠,刘超,LC,,202607,,478.89,0,0,0,0,0,0,0,,,,0,,0.00
7615248262971392040,HB改-植发-混剪-空空-黄笑-秃不秃拼高额头02-女性美学-空境-HB-20260309.mp4,广州,植发,混剪,女性美学,,无,,空空,黄笑,,HB,202603,,478.80,1,1,1,1,1,0,0,1.00,1.00,1.00,0,,0.00
7662664333559447586,11植发-剧情-豆豆MARC-舒曼-变化（女性美学）（效果对比）（诊室）-王磊-20260714.mp4,广州,植发,剧情,效果,对比,其他,诊室,豆豆|MARC,舒曼,王磊,,202607,,421.90,1,1,0,0,0,0,0,0.00,0.00,0.00,0,,0.00
7631097256619720755,推送视频_4植发-混剪-空空-黄笑-混美人尖(女性美学)(漂亮)(空镜)-陈晓君-20260414.mp4,广州,植发,混剪,女性美学,漂亮,其他,空镜,空空,黄笑,晓君,,202604,,409.03,1,1,0,0,0,0,0,0.00,0.00,0.00,0,,0.00
7660539371330437120,8植发-剧情-圣男博洋-舒曼-这么多人（女性美学）（漂亮）-王磊-20260701.mp4,深圳,植发,剧情,女性美学,漂亮,其他,,圣男,舒曼,王磊,,202607,,405.79,0,0,0,0,0,0,0,,,,0,,0.00
7660363370995449871,4植发-剧情-齐政莱莱 -舒曼杨光-好看（女性美学）（漂亮）（诊室）-跃海-20260707.mp4,广州,植发,剧情,女性美学,漂亮,其他,诊室,,舒曼|杨光,跃海,,202607,1,400.97,1,1,0,0,0,0,0,0.00,0.00,0.00,0,,0.00
7657024906941415434,3植发-剧情创新-齐政莱莱 -舒曼-好几万（女性美学）（漂亮）（诊室）-跃海-20260626-2版.mp4,广州,植发,剧情,女性美学,漂亮,其他,诊室,,舒曼,跃海,,202606,,390.47,3,3,2,0,0,0,0,0.67,0.00,0.00,0,,0.00
7657826431124520998,2植发-口播创新-延旭 -志松文杰-变美（女性美学）（优势）（诊室）-跃海-20260701.mp4,广州,植发,口播,女性美学,优势,其他,诊室,,志松|文杰,跃海,,202607,1,373.68,1,1,0,0,0,0,0,0.00,0.00,0.00,0,,0.00
7637364592556310563,推送视频_植发-剧情-广硕小哥-设计-优势-诊室-刘超-去哪儿-刘超-20260506.mp4,广州,植发,剧情,设计,优势,其他,诊室,广硕|小哥,刘超,,,202605,,370.73,1,0,0,0,0,0,0,0.00,,,0,,0.00
7619949731214016531,7植发-剧情-昊天丽娜-志松-鬓角区35（半女性美学）（漂亮）（诊室）-时亿-260318(1).mp4,广州,植发,剧情,女性美学,漂亮,其他,诊室,丽娜|昊天,志松,时亿,,202603,,358.77,0,0,0,0,0,0,0,,,,0,,0.00
7651933229202685967,推送视频_YG-植发-混剪-刘婷-志松-2000根-价格-划线-YG-260616.mp4,广州,植发,混剪,价格,,无,,,志松,刘婷,YG,202606,,358.67,0,0,0,0,0,0,0,,,,0,,0.00
7636642505713532937,推送视频_10植发-剧情创新-昊天馨以-舒曼-案例（女性美学）（漂亮）（诊室）-艳秋-260506.mp4,广州,植发,剧情,女性美学,漂亮,其他,诊室,昊天,舒曼,艳秋,,202605,,355.08,0,0,0,0,0,0,0,,,,0,,0.00
7630408893576511542,推送视频_1植发-混剪-汝春-黄笑-（女性美学）-20260417.mp4,广州,植发,混剪,女性美学,,无,,,黄笑,汝春,,202604,,339.76,2,2,0,0,0,0,0,0.00,0.00,0.00,0,,0.00
7645244192906330154,推送视频_2植发-剧情-昊天豆豆-志松-美人尖(女性美学)(技术)(诊室)-晓君-20260601.mp4,广州,植发,剧情,技术,,无,诊室,昊天|豆豆,志松,晓君,,202606,,329.25,0,0,0,0,0,0,0,,,,0,,0.00
7659333367353229363,推送视频_2植发-剧情创新-齐政莱莱 -舒曼-二十年前（女性美学）（质价比）（优势）（诊室）-跃海-260703.mp4,广州,植发,剧情,女性美学,优势,其他,诊室,,舒曼,跃海,,202607,,328.65,2,2,2,0,0,0,0,1.00,0.00,0.00,0,,0.00
7634465607732838426,推送视频_YG-植发-剧情-张明辉-舒曼-价格-问诊-浓密点-YG-260430.mp4.mp4,广州,植发,剧情,价格,,无,,,舒曼,明辉,YG,202604,,325.91,0,0,0,0,0,0,0,,,,0,,0.00
7646295664490512425,推送视频_26植发-剧情-丽娜昊天-女性设计-画线-诊室-刘超-误会-时亿-260601(1).mp4,广州,植发,剧情,设计,画线,其他,诊室,丽娜|昊天,刘超,时亿,,202606,,307.28,0,0,0,0,0,0,0,,,,0,,0.00
7597266268194111514,推送视频_本地生活9植发实拍脚本9刘婷gzs2512102000根头发价格251211,广州,植发,,价格,,无,,,,刘婷,,202512,,306.75,1,1,1,0,0,0,0,1.00,0.00,0.00,0,,0.00
7663065928338833418,11植发-口播创新-MARC-志松-样子（女性美学）（美学方案定制）（诊室）-跃海-2607-12-13-14-16.mp4,深圳,植发,口播,方案,方案,方案,诊室,MARC,志松,跃海,,202607,,284.25,1,1,0,0,0,0,0,0.00,0.00,0.00,0,,0.00
7657906995044614163,9植发-剧情-延旭小语-志松-您看下（女性美学）（漂亮）（诊室）-跃海-20260701,广州,植发,剧情,女性美学,漂亮,其他,诊室,,志松,跃海,,202607,,279.14,1,1,1,0,0,0,0,1.00,0.00,0.00,0,,0.00
7617744966387220486,HB改-植发-混剪-舒曼-绒毛感秘诀剪掉分层植发-女性专项-空境-艳秋-20260316.mp4,广州,植发,混剪,,,无,,,舒曼,艳秋,HB,202603,,275.07,0,0,0,0,0,0,0,,,,0,,0.00
7649659887921840170,推送视频_HB改4植发-剧情边框-雅婷豆豆-黄笑-美人尖（女性美学）（技术）（诊室）-跃海-260610.mp4,广州,植发,剧情,技术,,无,诊室,雅婷|豆豆,黄笑,跃海,HB,202606,,273.58,1,2,0,0,0,0,0,0.00,0.00,0.00,0,,0.00
7649659803300872192,推送视频_HB改植发混剪空空女性美学今天流行黄笑空镜刘婷20260610.mp4,广州,植发,混剪,女性美学,,无,空镜,空空,黄笑,刘婷,HB,202606,,266.50,0,0,0,0,0,0,0,,,,0,,0.00
7657826448887513098,1植发-口播创新-延旭 -志松韩波-二十年前（女性美学）（优势）（诊室）-跃海-20260701.mp4,广州,植发,口播,女性美学,优势,其他,诊室,,志松|韩波,跃海,,202607,1,255.55,0,0,0,0,0,0,0,,,,0,,0.00
7651812031059050550,推送视频_2植发-剧情-MARC圣男-志松-2cm（女性美学）（漂亮）（诊室）-跃海-20260616.mp4,广州,植发,剧情,女性美学,漂亮,其他,诊室,圣男|MARC,志松,跃海,,202606,,240.47,0,0,0,0,0,0,0,,,,0,,0.00
7644026344422899722,推送视频_12植发-剧情边框-豆豆MARC-志松-北京（效果）（漂亮）（诊室）-跃海-20260525-广审版.mp4,广州,植发,剧情,效果,漂亮,其他,诊室,豆豆|MARC,志松,跃海,,202605,,240.14,0,0,0,0,0,0,0,,,,0,,0.00
7649659924038647843,推送视频_HB改植发混剪空空女性美学2026流行黄笑空镜刘婷20260610.mp4,广州,植发,混剪,女性美学,,无,空镜,空空,黄笑,刘婷,HB,202606,,236.97,0,0,0,0,0,0,0,,,,0,,0.00
7586507428850958370,推送视频_育（植）发-混剪-空空-价格-空镜-希琛-大字报女性咨询-王赫-251021-251219.mp4,广州,,混剪,价格,,无,空镜,空空,希琛|王赫,王赫,,202512,1,225.50,0,0,0,0,0,0,0,,,,0,,0.00
7652297073508909056,推送视频_YG-植发-混剪-圣男广硕-背着对象-价格-诊室-YG-260617.mp4,广州,植发,混剪,价格,,无,诊室,圣男|广硕,,,YG,202606,,224.17,1,0,0,0,0,0,0,0.00,,,0,,0.00
7648848513721679878,推送视频_1植发-混剪-丽娜子烨-美学-漂亮-诊室-刘超-好看2-时亿-260602(1).mp4,广州,植发,混剪,,漂亮,其他,诊室,丽娜|子烨,刘超,时亿,,202606,,221.84,0,0,0,0,0,0,0,,,,0,,0.00
7651933231723102260,推送视频_YG-植发-混剪-刘婷-志松-2000根-价格-下调3CM-YG-260616.mp4,广州,植发,混剪,价格,,无,,,志松,刘婷,YG,202606,,217.22,0,0,0,0,0,0,0,,,,0,,0.00
7647755608935628841,推送视频_植发-混剪-蛋黄小哥-价格-支付-诊室-刘超-爆天桥-LC-20260604(1).mp4,广州,植发,混剪,价格,,无,诊室,蛋黄|小哥,刘超,LC,,202606,,213.58,0,0,0,0,0,0,0,,,,0,,0.00
7649226112934281225,推送视频_植发-剧情-瑞华江河-技术-画线-诊室-刘超-一直爆-LC-20260608(1).mp4,广州,植发,剧情,技术,画线,其他,诊室,江河|瑞华,刘超,LC,,202606,,210.84,1,0,0,0,0,0,0,0.00,,,0,,0.00
7663066047659900982,单17植发-剧情-豆豆MARC-志松-大花瓣（女性美学）（发际线下调）（诊室）-跃海-2607-12-13-14-16.mp4,深圳,植发,剧情,女性美学,发际线下调,发际线下调,诊室,豆豆|MARC,志松,跃海,,202607,,203.17,1,0,0,0,0,0,0,0.00,,,0,,0.00
7646295671855136831,推送视频_26植发-剧情-丽娜昊天-美学-漂亮-诊室-刘超-采访-时亿-260601(1).mp4,广州,植发,剧情,,漂亮,其他,诊室,丽娜|昊天,刘超,时亿,,202606,,194.98,0,0,0,0,0,0,0,,,,0,,0.00
7639290374130270248,推送视频_SY植发-口播-圣男-王磊-志松（诊室面诊 价格）-20260511-1.mp4,广州,植发,口播,价格,,无,诊室,圣男,志松,王磊,SY,202605,,194.84,0,0,0,0,0,0,0,,,,0,,0.00
7598549313749745706,本地生活-7植发-实拍7-张艳秋-gzs-260120绒毛发际线（女性美学)(诊室)-260123.mp4,广州,植发,,女性美学,,无,诊室,,,艳秋,,202601,,187.28,0,0,0,0,0,0,0,,,,0,,0.00
7648481331459178531,推送视频_11植发-剧情边框-瑞华智贺-舒曼-方案（价格）（服务）（诊室）-跃海-20260604-广审版.mp4,广州,植发,剧情,方案,服务,其他,诊室,瑞华|智贺,舒曼,跃海,,202606,,180.38,0,0,0,0,0,0,0,,,,0,,0.00
7628863917433700386,1植发-口播-蛋黄昊天-价格-优势-大厅-希琛-钱对比女-张明辉-260410.mp4,广州,植发,口播,价格,优势,其他,大厅,蛋黄|昊天,希琛,明辉,,202604,,175.24,1,1,1,0,0,0,0,1.00,0.00,0.00,0,,0.00
7662984817226842122,11植发-口播创新-MARC-志松-样子（女性美学）（美学方案定制）（诊室）-跃海-2607-12-13-14-16.mp4,广州,植发,口播,方案,方案,方案,诊室,MARC,志松,跃海,,202607,,172.31,1,0,0,0,0,0,0,0.00,,,0,,0.00
7622503239208353855,推送视频_6植发-剧情-雅婷智贺-舒曼-2000根（价格）（道歉）（室外）-跃海-260324-广审版.mp4,广州,植发,剧情,价格,道歉,其他,室外,雅婷|智贺,舒曼,跃海,,202603,,169.66,0,0,0,0,0,0,0,,,,0,,0.00
7629288315842625577,推送视频_植发-拼接-空空-价格-钱-空镜-王赫-可以吗-王赫-260414.mp4,广州,植发,,价格,钱,其他,空镜,空空,王赫,王赫,,202604,,164.59,0,0,0,0,0,0,0,,,,0,,0.00
7651933127763263497,推送视频_YG-植发-混剪-刘婷-2000根-价格-大字报-YG-260616.mp4,广州,植发,混剪,价格,,无,,,,刘婷,YG,202606,,157.39,1,1,0,0,0,0,0,0.00,0.00,0.00,0,,0.00
7645601992385134642,26植发-剧情-丽娜昊天-效果-漂亮-大厅-王赫-地铁站-时亿-260528.mp4,广州,植发,剧情,效果,漂亮,其他,大厅,丽娜|昊天,王赫,时亿|王赫,,202605,,157.33,0,0,0,0,0,0,0,,,,0,,0.00
7625839673634734099,一键修复_推送视频_植发混剪美学女性sy改-260404.mp4,广州,植发,混剪,,,无,,,,,,202604,,156.79,0,0,0,0,0,0,0,,,,0,,0.00
7659339314970820646,推送视频_植发-混剪-空空-技术-优势-空镜-刘超-爆格-马亚书-260701.mp4,广州,植发,混剪,技术,优势,其他,空镜,空空,刘超,亚书,,202607,,153.57,0,0,0,0,0,0,0,,,,0,,0.00
7622501457502470196,推送视频_5植发-剧情-圣男广硕-舒曼-方案（女性美学）（漂亮）（诊室）-跃海-260324-广审版.mp4,广州,植发,剧情,方案,漂亮,其他,诊室,圣男|广硕,舒曼,跃海,,202603,,153.14,0,0,0,0,0,0,0,,,,0,,0.00
7657906991524872234,12植发-剧情-延旭小语-志松-好神奇（女性美学）（漂亮）（诊室）-跃海-20260701,广州,植发,剧情,女性美学,漂亮,其他,诊室,,志松,跃海,,202607,,150.45,0,0,0,0,0,0,0,,,,0,,0.00
7663066015208341545,双17植发-剧情-豆豆MARC-志松杨光-大花瓣（女性美学）（发际线下调）（诊室）-跃海-2607-12-13-14-16.mp4,深圳,植发,剧情,女性美学,发际线下调,发际线下调,诊室,豆豆|MARC,志松|杨光,跃海,,202607,1,147.67,0,0,0,0,0,0,0,,,,0,,0.00
7594352982875045928,推送视频_植发-拼接-空空-美观-空空-HX-（女）流行咨询-王赫-260104-260104.mp4,广州,植发,,美观,,无,,空空,王赫,HX|王赫,,202601,,146.23,0,0,0,0,0,0,0,,,,0,,0.00
7618515352964759598,推送视频_12植发-口播-朵拉-价格-钱-前台-王赫-再秃-马亚书-260316.mp4,广州,植发,口播,价格,钱,其他,前台,朵拉,王赫,亚书|王赫,,202603,,143.32,0,0,0,0,0,0,0,,,,0,,0.00
7644025622411624498,推送视频_7植发-剧情边框-豆豆MARC-舒曼-流行（效果）（漂亮）（诊室）-跃海-20260525-广审版.mp4,广州,植发,剧情,效果,漂亮,其他,诊室,豆豆|MARC,舒曼,跃海,,202605,,140.47,0,0,0,0,0,0,0,,,,0,,0.00
7661883974154764331,4植发-剧情-豆豆MARC-舒曼-不够（女性美学）（发际线下调）（诊室）王磊-20260710.mp4,广州,植发,剧情,女性美学,发际线下调,发际线下调,诊室,豆豆|MARC,舒曼,王磊,,202607,,139.60,0,0,0,0,0,0,0,,,,0,,0.00
7647030476165038132,推送视频_9.植发-剧情-天意-对错牌-智慧（女性美学）（漂亮）（诊室）-0528.mp4,广州,植发,剧情,女性美学,漂亮,其他,诊室,,智慧,,,200528,,133.47,1,1,0,0,0,0,0,0.00,0.00,0.00,0,,0.00
7615501969839456275,推送视频_HB改-植发-混剪-空空-志松黄笑-2026大脑门-女性美学-空境-刘婷-251110.mp4,广州,植发,混剪,女性美学,,无,,空空,志松|黄笑,刘婷,HB,202511,1,131.70,0,0,0,0,0,0,0,,,,0,,0.00
7662979637100036131,1植发-剧情创新-冰冰MARC-志松-您看下（女性美学）（发际线下调）（诊室）-跃海-2607-12-13-14-15.mp4,广州,植发,剧情,女性美学,发际线下调,发际线下调,诊室,MARC,志松,跃海,,202607,,126.11,2,2,1,0,0,0,0,0.50,0.00,0.00,0,,0.00
7659329491189743625,推送视频_植发-拼接-空空-效果-经验-空镜-王赫-别慌-WH-260703.mp4,广州,植发,,效果,经验,其他,空镜,空空,王赫,WH|王赫,,202607,,119.59,0,0,0,0,0,0,0,,,,0,,0.00
7646350114768502827,推送视频_8植发-剧情-豆豆雅婷-舒曼-满意吗(效果)(漂亮)(诊室)-晓君-20260601.mp4,广州,植发,剧情,效果,漂亮,其他,诊室,雅婷|豆豆,舒曼,晓君,,202606,,118.56,0,0,0,0,0,0,0,,,,0,,0.00
7632265943999332406,HB改-植发-剧情-雅婷豆豆-黄笑-26年&美人尖-女性美学-技术-诊室-跃海-20260424.mp4,广州,植发,剧情,技术,,无,诊室,雅婷|豆豆,黄笑,跃海,HB,202604,,118.29,0,0,0,0,0,0,0,,,,0,,0.00
7662980484809490484,植发-混剪-空空-志松-（女性美学）（质价比）（空镜）-铁良-260716.mp4,广州,植发,混剪,女性美学,质价比,质价比,空镜,空空,志松,铁良,,202607,,116.11,0,0,0,0,0,0,0,,,,0,,0.00
7660414667819941939,4植发-混剪-空空-空镜-技术-方案-全流程-希琛-石帅-260707.mp4,广州,植发,混剪,方案,方案,方案,空镜,空空,希琛,,,202607,,115.03,0,0,0,0,0,0,0,,,,0,,0.00
7596165173707374634,0117-本地生活—植发-实拍3-时亿-wsm-小红书（方案类）-0812-240815（2）新广.mp4,广州,植发,,方案,方案,方案,,,,时亿,,202408,,113.97,0,0,0,0,0,0,0,,,,0,,0.00
7657024904714453043,推送视频_9植发-剧情-圣男博洋-舒曼-旅游（女性美学）（漂亮）（诊室）-跃海-20260629-2版.mp4,广州,植发,剧情,女性美学,漂亮,其他,诊室,圣男,舒曼,跃海,,202606,,112.52,1,1,0,0,0,0,0,0.00,0.00,0.00,0,,0.00
7663022502649970740,XX改-达人-8植发-剧情-豆豆MARC-舒曼-下调（技术）（案例）（诊室）-跃海-20260716.mp4,广州,植发,剧情,技术,案例,其他,诊室,豆豆|MARC,舒曼,跃海,XX,202607,,111.87,0,0,0,0,0,0,0,,,,0,,0.00
7660466849004863497,推送视频_8植发-剧情-圣男博洋-舒曼-这么多人（女性美学）（漂亮）-王磊-20260701.mp4,广州,植发,剧情,女性美学,漂亮,其他,,圣男,舒曼,王磊,,202607,,108.56,0,0,0,0,0,0,0,,,,0,,0.00
7662250305036320768,12植发-剧情创新-豆豆MARC-舒曼晓星-发际线（女性美学）（美学方案定制）-王磊-20260714.mp4,深圳,植发,剧情,方案,方案,方案,,豆豆|MARC,舒曼|晓星,王磊,,202607,1,105.39,0,0,0,0,0,0,0,,,,0,,0.00
7648848823264231458,推送视频_1植发-剧情-丽娜子烨-效果-画线-诊室-王赫-选择（女性）-时亿-260602(1).mp4,广州,植发,剧情,效果,画线,其他,诊室,丽娜|子烨,王赫,时亿|王赫,,202606,,98.77,0,0,0,0,0,0,0,,,,0,,0.00
7648848851693453346,推送视频_1植发-剧情-丽娜子烨-效果-漂亮-诊室-希琛-澳门来的女性外地-时亿-260602(1).mp4,广州,植发,剧情,效果,漂亮,其他,诊室,丽娜|子烨,希琛,时亿,,202606,,90.01,0,0,0,0,0,0,0,,,,0,,0.00
7662665239511482377,10植发-剧情创新-豆豆MARC-舒曼-天生（女性美学）（美学方案定制）（诊室）-王磊-20260714.mp4,广州,植发,剧情,方案,方案,方案,诊室,豆豆|MARC,舒曼,王磊,,202607,,85.98,0,0,0,0,0,0,0,,,,0,,0.00
7652256320477134888,推送视频_7植发-混剪-空空-舒曼-秃不秃（女性美学）（漂亮）（空镜）-李铁良-20260615.mp4,广州,植发,混剪,女性美学,漂亮,其他,空镜,空空,舒曼,铁良,,202606,,82.59,0,0,0,0,0,0,0,,,,0,,0.00
7662250178963505178,11植发-剧情-豆豆MARC-舒曼-变化左锐（女性美学）（效果对比）（诊室）-王磊-20260714.mp4,深圳,植发,剧情,效果,对比,其他,诊室,豆豆|MARC,舒曼|左锐,王磊,,202607,1,81.45,0,0,0,0,0,0,0,,,,0,,0.00
7628903284874887219,推送视频_7植发-剧情-圣男一琳-设计-优势-诊室-刘超-女圆弧-张明辉-260413.mp4,广州,植发,剧情,设计,优势,其他,诊室,圣男,刘超,明辉,,202604,,78.79,0,0,0,0,0,0,0,,,,0,,0.00
7660363286995255334,3植发-剧情创新-齐政莱莱 -舒曼白洋-好几万（女性美学）（漂亮）（诊室）-跃海-20260707.mp4,广州,植发,剧情,女性美学,漂亮,其他,诊室,,舒曼|白洋,跃海,,202607,1,77.94,0,0,0,0,0,0,0,,,,0,,0.00
7636949263545286690,推送视频_8植发-口播创新边框-昊天馨以-舒曼-知道（女性美学）（漂亮）（诊室）-艳秋-260506.mp4,广州,植发,口播,女性美学,漂亮,其他,诊室,昊天,舒曼,艳秋,,202605,,77.74,0,0,0,0,0,0,0,,,,0,,0.00
7660363185608769574,3植发-剧情创新-齐政莱莱 -舒曼-好几万（女性美学）（漂亮）（诊室）-跃海-20260707.mp4,广州,植发,剧情,女性美学,漂亮,其他,诊室,,舒曼,跃海,,202607,,72.85,0,0,0,0,0,0,0,,,,0,,0.00
7657826438952402990,推送视频_3植发-剧情-小语延旭-志松-旅游（女性美学）（漂亮）（诊室）-跃海-20260701.mp4,广州,植发,剧情,女性美学,漂亮,其他,诊室,,志松,跃海,,202607,,67.48,2,2,0,0,0,0,0,0.00,0.00,0.00,0,,0.00
7650022199323738164,推送视频_植发-拼接-空空-技术-漂亮-空镜-王赫-头像8女）-WH-260611.mp4,广州,植发,,技术,漂亮,其他,空镜,空空,王赫,WH|王赫,,202606,,66.38,0,0,0,0,0,0,0,,,,0,,0.00
7646350092513771563,推送视频_7植发-混剪-空空-舒曼-后悔(价格)(案例)(空镜)-晓君-20260601.mp4,广州,植发,混剪,价格,案例,其他,空镜,空空,舒曼,晓君,,202606,,65.52,0,0,0,0,0,0,0,,,,0,,0.00
7660119539830980650,14植发-口播-淑媛-效果-服务-诊室-王赫-升级-王磊-0702.mp4,广州,植发,口播,效果,服务,其他,诊室,淑媛,王赫,王磊|王赫,,200702,,62.90,1,1,1,0,0,0,0,1.00,0.00,0.00,0,,0.00
7660089519774973979,1植发-混剪-空空-舒曼-发际线（女性美学）（发际线下调）（空镜）-王磊-20260708.mp4,广州,植发,混剪,女性美学,发际线下调,发际线下调,空镜,空空,舒曼,王磊,,202607,,62.54,0,0,0,0,0,0,0,,,,0,,0.00
7657826344958459955,2植发-口播创新-延旭 -志松-变美（女性美学）（优势）（诊室）-跃海-20260701.mp4,广州,植发,口播,女性美学,优势,其他,诊室,,志松,跃海,,202607,,62.41,0,0,0,0,0,0,0,,,,0,,0.00
7624369771433721907,9植发-口播边框-蛋黄-志松-2026年（男性美学）（漂亮）（诊室）-跃海-260401-广审版.mp4,广州,植发,口播,男性美学,漂亮,其他,诊室,蛋黄,志松,跃海,,202604,,61.18,0,0,0,0,0,0,0,,,,0,,0.00
7648848521509273641,推送视频_1植发-口播-丽娜-美学-漂亮-诊室-刘超-女神-时亿-260603(1).mp4,广州,植发,口播,,漂亮,其他,诊室,丽娜,刘超,时亿,,202606,,59.48,0,0,0,0,0,0,0,,,,0,,0.00
7663022532266115114,XX改8植发-剧情边框-豆豆MARC-志松-下调（技术）（案例）（诊室）-跃海-20260716.mp4,广州,植发,剧情,技术,案例,其他,诊室,豆豆|MARC,志松,跃海,XX,202607,,59.16,0,0,0,0,0,0,0,,,,0,,0.00
7660336259946184747,3植发-剧情创新-齐政莱莱 -舒曼白洋-好几万（女性美学）（漂亮）（诊室）-跃海-20260707.mp4,深圳,植发,剧情,女性美学,漂亮,其他,诊室,,舒曼|白洋,跃海,,202607,1,58.62,0,0,0,0,0,0,0,,,,0,,0.00
7660466991817113640,6植发-剧情创新-齐政莱莱 -舒曼-香港（女性美学）（漂亮）（诊室）-王磊-20260709.mp4,广州,植发,剧情,女性美学,漂亮,其他,诊室,,舒曼,王磊,,202607,,57.62,0,0,0,0,0,0,0,,,,0,,0.00
7659334030983856180,推送视频_9植发-剧情-圣男博洋-舒曼-旅游（女性美学）（漂亮）（诊室）-跃海-20260701.mp4,广州,植发,剧情,女性美学,漂亮,其他,诊室,圣男,舒曼,跃海,,202607,,56.83,0,0,0,0,0,0,0,,,,0,,0.00
7661904153301876799,植发-混剪-空空-空镜-价格-服务-去不去-建星-马亚书-260708.mp4,广州,植发,混剪,价格,服务,其他,空镜,空空,,亚书,,202607,,56.00,0,0,0,0,0,0,0,,,,0,,0.00
7648860758028009526,推送视频_1植发-剧情-丽娜子烨-信息差-效果-诊室-希琛-男女医生-时亿-260603.mp4,广州,植发,剧情,效果,医生,其他,诊室,丽娜|子烨,希琛,时亿,,202606,,54.72,0,0,0,0,0,0,0,,,,0,,0.00
7660365370740031551,12植发-剧情-齐政莱莱 -舒曼-满意（女性美学）（漂亮）（诊室）-李铁良-20260708.mp4,广州,植发,剧情,女性美学,漂亮,其他,诊室,,舒曼,铁良,,202607,,53.89,0,0,0,0,0,0,0,,,,0,,0.00
7644025695220351030,推送视频_12植发-剧情-豆豆MARC-舒曼-北京（效果）（漂亮）（诊室）-跃海-20260525-广审版.mp4,广州,植发,剧情,效果,漂亮,其他,诊室,豆豆|MARC,舒曼,跃海,,202605,,52.79,0,0,0,0,0,0,0,,,,0,,0.00
7660539388386033716,6植发-剧情创新-齐政莱莱 -舒曼-香港（女性美学）（漂亮）（诊室）-王磊-20260709.mp4,深圳,植发,剧情,女性美学,漂亮,其他,诊室,,舒曼,王磊,,202607,,52.78,0,0,0,0,0,0,0,,,,0,,0.00
7583279817500803110,推送视频_12月13日17,广州,,,,,无,,,,,,,,49.69,0,0,0,0,0,0,0,,,,0,,0.00
7662249734981763106,10植发-剧情创新-豆豆MARC-舒曼文杰-天生（女性美学）（美学方案定制）（诊室）-王磊-20260714.mp4,深圳,植发,剧情,方案,方案,方案,诊室,豆豆|MARC,舒曼|文杰,王磊,,202607,1,48.87,0,0,0,0,0,0,0,,,,0,,0.00
7661892538098335786,9植发-混剪-空空-价格-支付-空镜-刘超-爆世间-杨子贤-20260710.mp4,广州,植发,混剪,价格,,无,空镜,空空,刘超,,,202607,,46.30,0,0,0,0,0,0,0,,,,0,,0.00
7661893633521008675,6植发-口播-圣男-二植-技术-诊室-希琛-高转二植失败案例-时亿-260708(1).mp4,广州,植发,口播,技术,案例,其他,诊室,圣男,希琛,时亿,,202607,,44.34,0,0,0,0,0,0,0,,,,0,,0.00
7662250239194693651,13植发-剧情创新-豆豆MARC-舒曼-脸小（女性美学）（美学方案定制）（大厅）-王磊-20260714.mp4,深圳,植发,剧情,方案,方案,方案,大厅,豆豆|MARC,舒曼,王磊,,202607,,42.86,0,0,0,0,0,0,0,,,,0,,0.00
7660089562531512362,5植发-混剪-空空-舒曼-高标准（女性美学）（发际线下调）（空镜）-王磊-20260707,广州,植发,混剪,女性美学,发际线下调,发际线下调,空镜,空空,舒曼,王磊,,202607,,42.44,0,0,0,0,0,0,0,,,,0,,0.00
7651521596726591534,推送视频_3植发-剧情-圣男博洋-舒曼-不去了（女性美学）（服务）（大厅）-王磊-20260615.mp4,广州,植发,剧情,女性美学,服务,其他,大厅,圣男,舒曼,王磊,,202606,,42.25,0,0,0,0,0,0,0,,,,0,,0.00
7661883965994106932,6植发-剧情创新-豆豆MARC-舒曼-高标准（女性美学）（方案）（空镜）-王磊-20260710.mp4,广州,植发,剧情,方案,方案,方案,空镜,豆豆|MARC,舒曼,王磊,,202607,,41.59,0,0,0,0,0,0,0,,,,0,,0.00
7663022579521372175,XX改-8植发-剧情-昊天丽娜-志松-怎么了（价格）（钱）（空镜）-时亿-260715.mp4,广州,植发,剧情,价格,钱,其他,空镜,丽娜|昊天,志松,时亿,XX,202607,,41.43,0,0,0,0,0,0,0,,,,0,,0.00
7661884714237132863,7植发-剧情创新-豆豆MARC-舒曼韩波-高标准（女性美学）（方案）-王磊-20260710.mp4,广州,植发,剧情,方案,方案,方案,,豆豆|MARC,舒曼|韩波,王磊,,202607,1,40.55,0,0,0,0,0,0,0,,,,0,,0.00
7593571593781035043,推送视频_本地生活6植发混剪脚本6刘婷hx2511242026年半美学251124,广州,植发,混剪,,,无,,,,刘婷,,202511,,40.47,0,0,0,0,0,0,0,,,,0,,0.00
7659241305998688310,9植发-混剪创新-空空-智慧-时兴（女性美学）（漂亮）（空镜）-李铁良-20260703.mp4,广州,植发,混剪,女性美学,漂亮,其他,空镜,空空,智慧,铁良,,202607,,39.71,0,0,0,0,0,0,0,,,,0,,0.00
7662664197202034697,12植发-剧情创新-豆豆MARC-舒曼晓星-发际线（女性美学）（美学方案定制）-王磊-20260714.mp4,广州,植发,剧情,方案,方案,方案,,豆豆|MARC,舒曼|晓星,王磊,,202607,1,38.42,0,0,0,0,0,0,0,,,,0,,0.00
7662249669432131625,11植发-剧情-豆豆MARC-舒曼-变化（女性美学）（效果对比）（诊室）-王磊-王磊-20260714.mp4,深圳,植发,剧情,效果,对比,其他,诊室,豆豆|MARC,舒曼,王磊,,202607,,38.21,0,0,0,0,0,0,0,,,,0,,0.00
7643639307843092486,推送视频_5植发-剧情-豆豆MARC-舒曼-友好（价格）（服务）（诊室）-王磊-0515.mp4,广州,植发,剧情,价格,服务,其他,诊室,豆豆|MARC,舒曼,王磊,,200515,,36.64,0,0,0,0,0,0,0,,,,0,,0.00
7598819142133579830,1月23日李植发数字人.mp4,广州,植发,,,,无,,数字人,,,,,,35.92,1,1,1,0,0,0,0,1.00,0.00,0.00,0,,0.00
7662250196326023194,12植发-剧情创新-豆豆MARC-舒曼-发际线（女性美学）（美学方案定制）（诊室）-王磊-20260714.mp4,深圳,植发,剧情,方案,方案,方案,诊室,豆豆|MARC,舒曼,王磊,,202607,,35.23,0,0,0,0,0,0,0,,,,0,,0.00
7659334025092874274,推送视频_4植发-剧情-齐政莱莱 -舒曼-好看（女性美学）（漂亮）（诊室）-跃海-20260701-2版.mp4,广州,植发,剧情,女性美学,漂亮,其他,诊室,,舒曼,跃海,,202607,,34.82,0,0,0,0,0,0,0,,,,0,,0.00
7582910246466732058,推送视频_植发-混剪-空空-美观-空镜-希琛-跑量女性方案-马亚书-251210-251210.mp4,广州,植发,混剪,方案,方案,方案,空镜,空空,希琛,亚书,,202512,,34.78,0,0,0,0,0,0,0,,,,0,,0.00
7662559301862211622,推送视频_9植发-口播-瑞华-效果-经验-诊室-王赫-一眼假-马亚书-260711.mp4,广州,植发,口播,效果,经验,其他,诊室,瑞华,王赫,亚书|王赫,,202607,,33.12,0,0,0,0,0,0,0,,,,0,,0.00
7627078974880137254,推送视频_8植发-混剪-空空-效果-空镜-希琛-毛流感方案-马亚书-260408.mp4,广州,植发,混剪,方案,方案,方案,空镜,空空,希琛,亚书,,202604,,32.50,0,0,0,0,0,0,0,,,,0,,0.00
7663429249164689418,双20植发-剧情创新-冰冰MARC-志松晓星-发际线（女性美学）（美学方案定制）（诊室）-XX-2607-12-13-14-17.mp4,深圳,植发,剧情,方案,方案,方案,诊室,MARC,志松|晓星,,XX,202607,1,32.18,0,0,0,0,0,0,0,,,,0,,0.00
7641051725851902002,推送视频_3植发-剧情创新-豆豆MARC-舒曼-秃额头（效果）（漂亮）（诊室）-王磊-0513.mp4,广州,植发,剧情,效果,漂亮,其他,诊室,豆豆|MARC,舒曼,王磊,,200513,,31.99,0,0,0,0,0,0,0,,,,0,,0.00
7662951664148299826,植发-混剪-空空-志松-（女性美学）（漂亮）（空镜）-铁良-260716.mp4,深圳,植发,混剪,女性美学,漂亮,其他,空镜,空空,志松,铁良,,202607,,31.72,0,0,0,0,0,0,0,,,,0,,0.00
7652256412038660131,9植发-混剪-空空-舒曼-小胎毛（女性美学）（漂亮）（空镜）-李铁良-20260615带logo.mp4,广州,植发,混剪,女性美学,漂亮,其他,空镜,空空,舒曼,铁良,,202606,,30.09,0,0,0,0,0,0,0,,,,0,,0.00
7661884605379379238,8植发-剧情-豆豆MARC-舒曼-大花瓣（女性美学）（发际线下调）（诊室）-王磊-20260710.mp4,广州,植发,剧情,女性美学,发际线下调,发际线下调,诊室,豆豆|MARC,舒曼,王磊,,202607,,29.06,0,0,0,0,0,0,0,,,,0,,0.00
7661529400594989107,植发-口播-周璇-信息差-优势-诊室-刘超-爆国外-LC-20260709.mp4,广州,植发,口播,信息差,优势,其他,诊室,,刘超,LC,,202607,,28.61,0,0,0,0,0,0,0,,,,0,,0.00
7636949138593628210,推送视频_4植发-口播创新边框-昊天馨以-舒曼-差别（女性美学）（漂亮）（空镜）-艳秋-260506.mp4,广州,植发,口播,女性美学,漂亮,其他,空镜,昊天,舒曼,艳秋,,202605,,28.32,0,0,0,0,0,0,0,,,,0,,0.00
7660414667819909171,1植发-混剪-空空-空镜-信息差-钱-抠图举牌-希琛-石帅-260707.mp4,广州,植发,混剪,信息差,钱,其他,空镜,空空,希琛,,,202607,,27.78,0,0,0,0,0,0,0,,,,0,,0.00
7660539397214748724,5植发-剧情创新-齐政莱莱 -舒曼-小一圈（女性美学）（漂亮）（诊室）-王磊-20260709.mp4,深圳,植发,剧情,女性美学,漂亮,其他,诊室,,舒曼,王磊,,202607,,27.11,0,0,0,0,0,0,0,,,,0,,0.00
7659241174227337250,推送视频_10植发-混剪创新-空空-智慧-时兴2（女性美学）（漂亮）（空镜）-李铁良-20260703.mp4,广州,植发,混剪,女性美学,漂亮,其他,空镜,空空,智慧,铁良,,202607,,26.63,0,0,0,0,0,0,0,,,,0,,0.00
7662985914519519273,横2植发-口播创新-MARC-志松-（价格）（钱）（大厅）-跃海-2607-12-13-14-16.mp4,广州,植发,口播,价格,钱,其他,大厅,MARC,志松,跃海,,202607,,25.92,0,0,0,0,0,0,0,,,,0,,0.00
7643639569789353984,推送视频_6植发-剧情创新-豆豆MARC-舒曼-大脑门（效果）（漂亮）（诊室）王磊-0515.mp4,广州,植发,剧情,效果,漂亮,其他,诊室,豆豆|MARC,舒曼,王磊,,200515,,24.82,0,0,0,0,0,0,0,,,,0,,0.00
7660364227929980970,3植发-剧情创新-智贺雅婷-舒曼-计算（价格）（服务）（诊室）-跃海-20260703.mp4,广州,植发,剧情,价格,服务,其他,诊室,雅婷|智贺,舒曼,跃海,,202607,,24.75,0,0,0,0,0,0,0,,,,0,,0.00
7662980527319564329,植发-混剪-空空-志松-（女性美学）（漂亮）（空镜）-铁良-260716.mp4,广州,植发,混剪,女性美学,漂亮,其他,空镜,空空,志松,铁良,,202607,,23.88,1,1,0,0,0,0,0,0.00,0.00,0.00,0,,0.00
7662249707268079679,10植发-剧情创新-豆豆MARC-舒曼-天生（女性美学）（美学方案定制）（诊室）-王磊-20260714.mp4,深圳,植发,剧情,方案,方案,方案,诊室,豆豆|MARC,舒曼,王磊,,202607,,23.57,0,0,0,0,0,0,0,,,,0,,0.00
7662951726315503679,植发-混剪-空空-志松-（女性美学）（质价比）（空镜）-铁良-260716.mp4,深圳,植发,混剪,女性美学,质价比,质价比,空镜,空空,志松,铁良,,202607,,22.90,0,0,0,0,0,0,0,,,,0,,0.00
7614532190546952238,2植发-混剪-空空-黄笑-脸型（女性美学）（空镜）-时亿-260302(1).mp4,广州,植发,混剪,女性美学,,无,空镜,空空,黄笑,时亿,,202603,,22.70,0,0,0,0,0,0,0,,,,0,,0.00
7662664265904455734,10植发-剧情创新-豆豆MARC-舒曼文杰-天生（女性美学）（美学方案定制）（诊室）-王磊-20260714.mp4,广州,植发,剧情,方案,方案,方案,诊室,豆豆|MARC,舒曼|文杰,王磊,,202607,1,21.89,1,0,0,0,0,0,0,0.00,,,0,,0.00
7624742644980285440,推送视频_SY改植发-剧情-诊室-张艳秋-hx-260104-260404.mp4,广州,植发,剧情,,,无,诊室,,,艳秋,SY,202604,,21.76,0,0,0,0,0,0,0,,,,0,,0.00
7661883962147766272,5植发-剧情创新-豆豆MARC-舒曼-20年（女性美学）（发际线下调）（诊室）-王磊-20260710.mp4,广州,植发,剧情,女性美学,发际线下调,发际线下调,诊室,豆豆|MARC,舒曼,王磊,,202607,,21.49,0,0,0,0,0,0,0,,,,0,,0.00
7663405856526860303,1植发-口播创新-齐政莱莱 -舒曼-二十年前（女性美学）（发际线下调）（诊室）-汝春-2607-10-11-13-17.mp4,深圳,植发,口播,女性美学,发际线下调,发际线下调,诊室,,舒曼,汝春,,202607,,21.14,0,0,0,0,0,0,0,,,,0,,0.00
7651557963527438342,推送视频_3植发-混剪-空空-舒曼-小姐姐(女性美学)(漂亮)(空镜)-晓君-20260608.mp4,广州,植发,混剪,女性美学,漂亮,其他,空镜,空空,舒曼,晓君,,202606,,21.14,0,0,0,0,0,0,0,,,,0,,0.00
7661525728288505897,植发-混剪-空空-空镜-时间-钱-门头大字报-希琛-马亚书-260707.mp4,广州,植发,混剪,时间,钱,其他,空镜,空空,希琛,亚书,,202607,,20.59,0,0,0,0,0,0,0,,,,0,,0.00
7662951617618444334,双15植发-剧情-冰冰MARC-志松白洋-贴点（女性美学）（发际线下调）（诊室）-跃海-2607-12-13-14-15.mp4,深圳,植发,剧情,女性美学,发际线下调,发际线下调,诊室,MARC,志松|白洋,跃海,,202607,1,20.52,0,0,0,0,0,0,0,,,,0,,0.00
7657906991303622662,推送视频_8植发-剧情-延旭小语-志松-您看下（女性美学）（漂亮）（诊室）-跃海-20260701.mp4,广州,植发,剧情,女性美学,漂亮,其他,诊室,,志松,跃海,,202607,,20.42,0,0,0,0,0,0,0,,,,0,,0.00
7660119537858232374,推送视频_13植发-口播-圣男-女性美学-漂亮-诊室-建星-新方案-王磊-0703.mp4,广州,植发,口播,方案,漂亮,其他,诊室,圣男,,王磊,,200703,,20.38,0,0,0,0,0,0,0,,,,0,,0.00
7660467013685542927,推送视频_5植发-剧情创新-齐政莱莱 -舒曼-小一圈（女性美学）（漂亮）（诊室）-王磊-20260709.mp4,广州,植发,剧情,女性美学,漂亮,其他,诊室,,舒曼,王磊,,202607,,20.25,0,0,0,0,0,0,0,,,,0,,0.00
7625831190268248090,SY10植发-实拍-WL-HX-26027这是2800毛（诊室面诊方案)-260129-260404.mp4,广州,植发,,方案,方案,方案,诊室,,,HX,SY,202800,,20.24,0,0,0,0,0,0,0,,,,0,,0.00
7661884676135190578,8植发-剧情-豆豆MARC-舒曼杨光-大花瓣（女性美学）（发际线下调）（诊室）-王磊-20260710.mp4,广州,植发,剧情,女性美学,发际线下调,发际线下调,诊室,豆豆|MARC,舒曼|杨光,王磊,,202607,1,19.24,0,0,0,0,0,0,0,,,,0,,0.00
7663428645692719150,双20植发-剧情创新-冰冰MARC-志松晓星-发际线（女性美学）（美学方案定制）（诊室）-XX-2607-12-13-14-17.mp4,广州,植发,剧情,方案,方案,方案,诊室,MARC,志松|晓星,,XX,202607,1,19.23,0,0,0,0,0,0,0,,,,0,,0.00
7660336213952331802,9植发-剧情-圣男博洋-舒曼韩波-旅游（女性美学）（漂亮）（诊室）-跃海-20260707.mp4,深圳,植发,剧情,女性美学,漂亮,其他,诊室,圣男,舒曼|韩波,跃海,,202607,1,19.14,0,0,0,0,0,0,0,,,,0,,0.00
7659338846790254592,推送视频_植发-混剪-空空-空镜-时间-钱-门头大字报1-希琛-马亚书-260701.mp4,广州,植发,混剪,时间,钱,其他,空镜,空空,希琛,亚书,,202607,,18.67,0,0,0,0,0,0,0,,,,0,,0.00
7663406470184878122,4植发-混剪-空空-舒曼-猫耳朵（女性美学）（发际线下调）（优势）（空镜-汝春-（发际线下调）（空镜）-汝春-2607-10-11-13-17.mp4,深圳,植发,混剪,女性美学,优势,其他,空镜,空空,舒曼,汝春,,202607,,18.62,0,0,0,0,0,0,0,,,,0,,0.00
7663428673147863078,双18植发-剧情-冰冰MARC-志松海峰-前额（女性美学）（发际线下调）（诊室）-跃海-2607-12-13-14-17.mp4,广州,植发,剧情,女性美学,发际线下调,发际线下调,诊室,MARC,志松|海峰,跃海,,202607,1,18.61,0,0,0,0,0,0,0,,,,0,,0.00
7661913295830155318,10植发-混剪-空空-舒曼-大字报(女性美学)(发际线价格)(钱)(空镜)-晓君-20260713.mp4,深圳,植发,混剪,价格,钱,其他,空镜,空空,舒曼,晓君,,202607,,17.77,0,0,0,0,0,0,0,,,,0,,0.00
7598383620404953140,推送视频_植发-二剪-合肥开头-W改-260122.mp4,广州,植发,,,,无,,,,,,202601,,17.73,0,0,0,0,0,0,0,,,,0,,0.00
7650021096734605327,推送视频_植发-拼接-空空-技术-漂亮-空镜-王赫-红发（女）-WH-260611.mp4,广州,植发,,技术,漂亮,其他,空镜,空空,王赫,WH|王赫,,202606,,16.91,0,0,0,0,0,0,0,,,,0,,0.00
7662664353860288564,12植发-剧情创新-豆豆MARC-舒曼-发际线（女性美学）（美学方案定制）（诊室）-王磊-20260714.mp4,广州,植发,剧情,方案,方案,方案,诊室,豆豆|MARC,舒曼,王磊,,202607,,16.28,0,0,0,0,0,0,0,,,,0,,0.00
7663405791546507299,2植发-混剪-空空-舒曼-绒毛感（女性美学）（美学方案定制）（优势）（空）-汝春-（发际线下调）（空镜）-汝春-2607-10-11-13-17.mp4,深圳,植发,混剪,方案,优势,其他,空镜,空空,舒曼,汝春,,202607,,15.80,0,0,0,0,0,0,0,,,,0,,0.00
7662664340656242728,13植发-剧情创新-豆豆MARC-舒曼-脸小（女性美学）（美学方案定制）（大厅）-王磊-20260714.mp4,广州,植发,剧情,方案,方案,方案,大厅,豆豆|MARC,舒曼,王磊,,202607,,15.18,0,0,0,0,0,0,0,,,,0,,0.00
7661888426889297939,3植发-剧情-豆豆MARC-舒曼白洋-贴点（女性美学）（发际线下调）（诊室）-王磊-20260710.mp4,深圳,植发,剧情,女性美学,发际线下调,发际线下调,诊室,豆豆|MARC,舒曼|白洋,王磊,,202607,1,15.09,0,0,0,0,0,0,0,,,,0,,0.00
7659334561660289076,推送视频_5植发-剧情创新-齐政瑞华-志松-2500（技术）（优势）（诊室）-跃海-20260701.mp4,广州,植发,剧情,技术,优势,其他,诊室,瑞华,志松,跃海,,202607,,14.72,0,0,0,0,0,0,0,,,,0,,0.00
7644025591654285338,推送视频_10植发-剧情-豆豆MARC-舒曼-花瓣形（方案）（漂亮）（诊室）-跃海-20260525-广审版.mp4,广州,植发,剧情,方案,漂亮,其他,诊室,豆豆|MARC,舒曼,跃海,,202605,,14.64,0,0,0,0,0,0,0,,,,0,,0.00
7663428621427785770,单19植发-剧情创新-冰冰MARC-志松-天生（女性美学）（美学方案定制）（诊室）-XX-2607-12-13-14-17.mp4,广州,植发,剧情,方案,方案,方案,诊室,MARC,志松,,XX,202607,,14.63,0,0,0,0,0,0,0,,,,0,,0.00
7663406493840539689,3植发-混剪-空空-舒曼-活动（女性美学）（发际线下调）（优势）（空镜）-汝春-（发际线下调）（空镜）-汝春-2607-10-11-13-17.mp4,深圳,植发,混剪,女性美学,优势,其他,空镜,空空,舒曼,汝春,,202607,,14.32,0,0,0,0,0,0,0,,,,0,,0.00
7659339334898794547,推送视频_植发-混剪-空空-时间-经验-空镜-刘超-爆红-马亚书-260701.mp4,广州,植发,混剪,时间,经验,其他,空镜,空空,刘超,亚书,,202607,,14.20,0,0,0,0,0,0,0,,,,0,,0.00
7582909980035956786,推送视频_植发-混剪-空空-价格-空镜-希琛-4级女方案-马亚书-251210-251210.mp4,广州,植发,混剪,方案,方案,方案,空镜,空空,希琛,亚书,,202512,,14.15,0,0,0,0,0,0,0,,,,0,,0.00
7662952034648866831,植发-混剪-空空-舒曼志松-发际线（女性美学）（发际线下调）（空镜）-跃海-20260716.mp4,深圳,植发,混剪,女性美学,发际线下调,发际线下调,空镜,空空,志松|舒曼,跃海,,202607,1,13.87,0,0,0,0,0,0,0,,,,0,,0.00
7643639469759217683,推送视频_4植发-剧情创新-豆豆MARC-舒曼-秃额头（效果）（优势）（诊室）--王磊-0515.mp4,广州,植发,剧情,效果,优势,其他,诊室,豆豆|MARC,舒曼,王磊,,200515,,13.86,0,0,0,0,0,0,0,,,,0,,0.00
7662985987795664939,横1植发-剧情-冰冰MARC-志松-80（女性美学）（质价比）（诊室）-跃海-2607-12-13-14-16.mp4,广州,植发,剧情,女性美学,质价比,质价比,诊室,MARC,志松,跃海,,202607,,13.79,0,0,0,0,0,0,0,,,,0,,0.00
7663406366808653874,4植发-混剪-空空-舒曼-活动（女性美学）（发际线下调）（空镜）-汝春-2607-10-11-13-17.mp4,深圳,植发,混剪,女性美学,发际线下调,发际线下调,空镜,空空,舒曼,汝春,,202607,,13.63,0,0,0,0,0,0,0,,,,0,,0.00
7660054099279511558,2植发-混剪-空空-舒曼-不错（女性美学）（发际线下调）（空镜）-王磊-20260707,广州,植发,混剪,女性美学,发际线下调,发际线下调,空镜,空空,舒曼,王磊,,202607,,13.31,0,0,0,0,0,0,0,,,,0,,0.00
7619533657052758043,推送视频_4植发-剧情-丽娜昊天-志松-你们这（价格）（钱）（诊室）-时亿-260318.mp4,广州,植发,剧情,价格,钱,其他,诊室,丽娜|昊天,志松,时亿,,202603,,13.14,0,0,0,0,0,0,0,,,,0,,0.00
7660363350246424612,4植发-剧情-齐政莱莱 -舒曼-好看（女性美学）（漂亮）（诊室）-跃海-20260707.mp4,广州,植发,剧情,女性美学,漂亮,其他,诊室,,舒曼,跃海,,202607,,13.11,0,0,0,0,0,0,0,,,,0,,0.00
7661888506264666152,3植发-剧情-豆豆MARC-舒曼-贴点（女性美学）（发际线下调）（诊室）-王磊-20260710.mp4,深圳,植发,剧情,女性美学,发际线下调,发际线下调,诊室,豆豆|MARC,舒曼,王磊,,202607,,12.88,0,0,0,0,0,0,0,,,,0,,0.00
7663428642450096137,单18植发-剧情-冰冰MARC-志松-前额（女性美学）（发际线下调）（诊室）-跃海-2607-12-13-14-17.mp4,广州,植发,剧情,女性美学,发际线下调,发际线下调,诊室,MARC,志松,跃海,,202607,,12.71,0,0,0,0,0,0,0,,,,0,,0.00
7588095161412026402,推送视频_新版贴片-本地生活-植发-实拍脚本5-张艳秋-hx-1014-美学专项-种植密度-方案-251016.mp4,广州,植发,,方案,方案,方案,,,,艳秋,,202510,,12.31,0,0,0,0,0,0,0,,,,0,,0.00
7580190898618499087,改广-本地生活-4植发-实拍脚本4-刘婷-gzs-250917鬓角区35(方案）-250918.mp4,广州,植发,,方案,方案,方案,,,,刘婷,,202509,,12.31,0,0,0,0,0,0,0,,,,0,,0.00
7663429150768283658,单18植发-剧情-冰冰MARC-志松-前额（女性美学）（发际线下调）（诊室）-跃海-2607-12-13-14-17.mp4,深圳,植发,剧情,女性美学,发际线下调,发际线下调,诊室,MARC,志松,跃海,,202607,,12.30,0,0,0,0,0,0,0,,,,0,,0.00
7661883962579271734,3植发-剧情-豆豆MARC-舒曼白洋-贴点（女性美学）（发际线下调）（诊室）-王磊-20260710.mp4,广州,植发,剧情,女性美学,发际线下调,发际线下调,诊室,豆豆|MARC,舒曼|白洋,王磊,,202607,1,12.15,0,0,0,0,0,0,0,,,,0,,0.00
7662665295694479423,11植发-剧情-豆豆MARC-舒曼-变化左锐（女性美学）（效果对比）（诊室）-王磊-20260714.mp4,广州,植发,剧情,效果,对比,其他,诊室,豆豆|MARC,舒曼|左锐,王磊,,202607,1,12.02,0,0,0,0,0,0,0,,,,0,,0.00
7663429196230230042,单20植发-剧情创新-冰冰MARC-志松-发际线（女性美学）（美学方案定制）（诊室）-XX-2607-12-13-14-17.mp4,深圳,植发,剧情,方案,方案,方案,诊室,MARC,志松,,XX,202607,,11.95,0,0,0,0,0,0,0,,,,0,,0.00
7663429286393446434,双18植发-剧情-冰冰MARC-志松海峰-前额（女性美学）（发际线下调）（诊室）-跃海-2607-12-13-14-17.mp4,深圳,植发,剧情,女性美学,发际线下调,发际线下调,诊室,MARC,志松|海峰,跃海,,202607,1,11.56,0,0,0,0,0,0,0,,,,0,,0.00
7661889318643630120,7植发-剧情创新-豆豆MARC-舒曼韩波-高标准（女性美学）（方案）-王磊-20260710.mp4,深圳,植发,剧情,方案,方案,方案,,豆豆|MARC,舒曼|韩波,王磊,,202607,1,11.51,0,0,0,0,0,0,0,,,,0,,0.00
7663406563340943375,3植发-混剪-空空-舒曼-绒毛感（女性美学）（发际线下调）（空镜）-汝春-2607-10-11-13-17.mp4,深圳,植发,混剪,女性美学,发际线下调,发际线下调,空镜,空空,舒曼,汝春,,202607,,11.23,0,0,0,0,0,0,0,,,,0,,0.00
7661884600152440859,7植发-剧情创新-豆豆MARC-舒曼-高标准（女性美学）（方案）（空镜）-王磊-20260710.mp4,广州,植发,剧情,方案,方案,方案,空镜,豆豆|MARC,舒曼,王磊,,202607,,10.82,0,0,0,0,0,0,0,,,,0,,0.00
7662665216212533294,9植发-剧情-豆豆MARC-舒曼-前额（女性美学）（发际线下调）（诊室）-王磊-20260714.mp4,广州,植发,剧情,女性美学,发际线下调,发际线下调,诊室,豆豆|MARC,舒曼,王磊,,202607,,10.77,0,0,0,0,0,0,0,,,,0,,0.00
7582140636582576164,推送视频_本地生活-植发-实拍脚本5-张艳秋-hx-1014-美学专项-种植密度-方案-251016新广.mp4,广州,植发,,方案,方案,方案,,,,艳秋,,202510,,10.54,0,0,0,0,0,0,0,,,,0,,0.00
7594352983128326184,推送视频_植发-拼接-空空-美观-空空-gzs-（女）140咨询-王赫-260104-260104.mp4,广州,植发,,美观,,无,,空空,王赫,王赫,,202601,,10.24,0,0,0,0,0,0,0,,,,0,,0.00
7641156215868244008,HB改-本地生活-2植发-混剪脚本2-张艳秋-wsm-1027颞角角度-20260518.mp4,广州,植发,混剪,,,无,,,,艳秋,HB,202605,,10.09,0,0,0,0,0,0,0,,,,0,,0.00
7650444368885989382,推送视频_植发-混剪-空空-空镜-时间-钱-门头大字报1-希琛-马亚书-260608.mp4,广州,植发,混剪,时间,钱,其他,空镜,空空,希琛,亚书,,202606,,10.07,0,0,0,0,0,0,0,,,,0,,0.00
7650004762516226057,推送视频_4植发-混剪-空空-舒曼-大字报(女性美学)(漂亮)(空镜)-晓君-20260610.mp4,广州,植发,混剪,女性美学,漂亮,其他,空镜,空空,舒曼,晓君,,202606,,9.67,0,0,0,0,0,0,0,,,,0,,0.00
7663428392096530483,单20植发-剧情创新-冰冰MARC-志松-发际线（女性美学）（美学方案定制）（诊室）-XX-2607-12-13-14-17.mp4,广州,植发,剧情,方案,方案,方案,诊室,MARC,志松,,XX,202607,,9.57,0,0,0,0,0,0,0,,,,0,,0.00
7663405774992195627,1植发-混剪-空空-舒曼-花瓣形（女性美学）（发际线下调）（画线）（空镜-汝春-（发际线下调）（空镜）-汝春-2607-10-11-13-17.mp4,深圳,植发,混剪,女性美学,画线,其他,空镜,空空,舒曼,汝春,,202607,,9.00,0,0,0,0,0,0,0,,,,0,,0.00
7662567324445966342,推送视频_13.植发-口播-唯宁-信息差-价格-大厅-希琛-花钱心甘情愿-晓君-260714.mp4,广州,植发,口播,价格,钱,其他,大厅,唯宁,希琛,晓君,,202607,,8.80,0,0,0,0,0,0,0,,,,0,,0.00
7649226145913208878,推送视频_植发-口播-蛋黄-价格-支付-诊室-刘超-咨询爆-LC-20260608.mp4,广州,植发,口播,价格,,无,诊室,蛋黄,刘超,LC,,202606,,8.66,0,0,0,0,0,0,0,,,,0,,0.00
7632206209786789940,推送视频_SY植发-混剪-美学-女性-方案-拼展示-260421.mp4,广州,植发,混剪,方案,方案,方案,,,,,SY,202604,,8.31,0,0,0,0,0,0,0,,,,0,,0.00
7625938481017962511,SY改广植发剧情-crc-hx-260114（诊室面诊 价格)-260116-260407.mp4,广州,植发,剧情,价格,,无,诊室,,,,SY,202604,,8.28,0,0,0,0,0,0,0,,,,0,,0.00
7660336283087093775,4植发-剧情-齐政莱莱 -舒曼-好看（女性美学）（漂亮）（诊室）-跃海-20260707.mp4,深圳,植发,剧情,女性美学,漂亮,其他,诊室,,舒曼,跃海,,202607,,8.14,0,0,0,0,0,0,0,,,,0,,0.00
7631561282441445430,推送视频_9植发-边框剧情-昊天馨以-舒曼-知道（女性美学）（漂亮）（诊室）-艳秋-260420.mp4,广州,植发,剧情,女性美学,漂亮,其他,诊室,昊天,舒曼,艳秋,,202604,,8.04,0,1,0,0,0,0,0,,0.00,0.00,0,,0.00
7659339332038295561,推送视频_植发-混剪-空空-价格-支付-空镜-刘超-爆必高转-马亚书-260701.mp4,广州,植发,混剪,价格,,无,空镜,空空,刘超,亚书,,202607,,7.22,0,0,0,0,0,0,0,,,,0,,0.00
7661889296039493682,7植发-剧情创新-豆豆MARC-舒曼-高标准（女性美学）（方案）（空镜）-王磊-20260710.mp4,深圳,植发,剧情,方案,方案,方案,空镜,豆豆|MARC,舒曼,王磊,,202607,,7.05,0,0,0,0,0,0,0,,,,0,,0.00
7648857120258932745,推送视频_植发-混剪-空空-价格-支付-空镜-刘超-大字报用-马亚书-260603.mp4,广州,植发,混剪,价格,,无,空镜,空空,刘超,亚书,,202606,,6.55,0,0,0,0,0,0,0,,,,0,,0.00
7650004761052413961,推送视频_6植发-混剪-空空-舒曼-小姐姐(女性美学)(漂亮)(空镜)-晓君-20260610.mp4,广州,植发,混剪,女性美学,漂亮,其他,空镜,空空,舒曼,晓君,,202606,,6.44,0,0,0,0,0,0,0,,,,0,,0.00
7602243447597383718,020202-本地生活-6植发-混剪脚本6-刘婷-hx-2511242026年（半美学）-25112.mp4,广州,植发,混剪,,,无,,,,刘婷,,200202,,6.40,0,0,0,0,0,0,0,,,,0,,0.00
7624366765077823524,11植发口播蛋黄志松谁告诉你价格室内钱跃海260401广审版,广州,植发,口播,价格,钱,其他,室内,蛋黄,志松,跃海,,202604,,6.32,0,0,0,0,0,0,0,,,,0,,0.00
7663405771674157110,2植发-混剪-空空-舒曼-见识（女性美学）（漂亮）（空镜）-汝春-2607-10-11-13-17.mp4,深圳,植发,混剪,女性美学,漂亮,其他,空镜,空空,舒曼,汝春,,202607,,6.30,0,0,0,0,0,0,0,,,,0,,0.00
7638113765290360884,HB改-植发-混剪-空空-HD-女性美学-空境-HD-20260510.mp4,广州,植发,混剪,女性美学,,无,,空空,HD,HD,HB,202605,,6.07,0,0,0,0,0,0,0,,,,0,,0.00
7591692943728574479,推送视频_260104-植发-自产混剪-价格-zr5-广新.mp4,广州,植发,混剪,价格,,无,,,,zr,,202601,,6.00,0,0,0,0,0,0,0,,,,0,,0.00
7662951431872233482,4植发-剧情创新-冰冰MARC-志松-（女性美学）（发际线下调）（诊室）-跃海-2607-12-13-14-15.mp4,深圳,植发,剧情,女性美学,发际线下调,发际线下调,诊室,MARC,志松,跃海,,202607,,5.77,0,0,0,0,0,0,0,,,,0,,0.00
7659329445125128243,推送视频_植发-拼接-空空-技术-经验-空镜-王赫-躺下-WH-260703.mp4,广州,植发,,技术,经验,其他,空镜,空空,王赫,WH|王赫,,202607,,5.64,0,0,0,0,0,0,0,,,,0,,0.00
7628052266698686516,推送视频_2植发-混剪-空空-舒曼-羡慕（女性美学）（漂亮）（空镜）-艳秋-260409.mp4,广州,植发,混剪,女性美学,漂亮,其他,空镜,空空,舒曼,艳秋,,202604,,5.52,0,0,0,0,0,0,0,,,,0,,0.00
7661889306094075913,6植发-剧情创新-豆豆MARC-舒曼-高标准（女性美学）（方案）（空镜）-王磊-20260710.mp4,深圳,植发,剧情,方案,方案,方案,空镜,豆豆|MARC,舒曼,王磊,,202607,,5.03,0,0,0,0,0,0,0,,,,0,,0.00
7659235794105286671,推送视频_10植发-口播-瑞华-智慧-本地（价格）（优势）（诊室）-跃海-20260701.mp4,广州,植发,口播,价格,优势,其他,诊室,瑞华,智慧,跃海,,202607,,4.97,0,0,0,0,0,0,0,,,,0,,0.00
7659235655558578226,推送视频_11植发-剧情-亚堃瑞华-智慧-割韭菜（信息差）（优势）（诊室）-跃海-20260701-女版.mp4,广州,植发,剧情,信息差,优势,其他,诊室,瑞华,智慧,跃海,,202607,,4.79,1,0,0,0,0,0,0,0.00,,,0,,0.00
7660336585710469154,10植发-剧情创新-莱依依-舒曼-旅游（女性美学）（漂亮）（诊室）-跃海-20260707.mp4,深圳,植发,剧情,女性美学,漂亮,其他,诊室,,舒曼,跃海,,202607,,4.70,0,0,0,0,0,0,0,,,,0,,0.00
7650004782631452714,推送视频_7植发-混剪-空空-舒曼-大脑门(女性美学)(漂亮)(空镜)-晓君-20260610.mp4,广州,植发,混剪,女性美学,漂亮,其他,空镜,空空,舒曼,晓君,,202606,,4.70,0,0,0,0,0,0,0,,,,0,,0.00
7663429362466553890,双19植发-剧情创新-冰冰MARC-志松文杰-天生（女性美学）（美学方案定制）（诊室）-XX-2607-12-13-14-17.mp4,深圳,植发,剧情,方案,方案,方案,诊室,MARC,志松|文杰,,XX,202607,1,4.21,0,0,0,0,0,0,0,,,,0,,0.00
7632920578023931904,推送视频_12植发-剧情-凤龙丹丹-舒曼-提取（女性美学）（漂亮）（诊室）-跃海-260423-广审版.mp4,广州,植发,剧情,女性美学,漂亮,其他,诊室,凤龙|丹丹,舒曼,跃海,,202604,,4.00,0,0,0,0,0,0,0,,,,0,,0.00
7651453468538028066,推送视频_2植发-口播-朵拉-信息差-钱-大厅-希琛-植发多少钱-时亿-260608(1).mp4,广州,植发,口播,信息差,钱,其他,大厅,朵拉,希琛,时亿,,202606,,3.95,0,0,0,0,0,0,0,,,,0,,0.00
7660365389436043299,13植发-剧情创新-圣男博洋-舒曼-十年前（技术）（优势）（诊室）-李铁良-20260708.mp4.mp4,广州,植发,剧情,技术,优势,其他,诊室,圣男,舒曼,铁良,,202607,,3.91,0,0,0,0,0,0,0,,,,0,,0.00
7648857287722287145,推送视频_植发-剧情-丽娜田涛-价格-支付-诊室-刘超-算毛囊1-马亚书-260602.mp4,广州,植发,剧情,价格,,无,诊室,丽娜|田涛,刘超,亚书,,202606,,3.66,0,0,0,0,0,0,0,,,,0,,0.00
7651521631571951667,推送视频_8植发-剧情创新-圣男博洋-舒曼-越密越好（女性美学）（漂亮）（诊室）-王磊-20260615.mp4,广州,植发,剧情,女性美学,漂亮,其他,诊室,圣男,舒曼,王磊,,202606,,3.66,0,0,0,0,0,0,0,,,,0,,0.00
7660089584441655337,3植发-混剪-空空-舒曼-活动（女性美学）（发际线下调）（空镜）-王磊-20260707.mp4,广州,植发,混剪,女性美学,发际线下调,发际线下调,空镜,空空,舒曼,王磊,,202607,,3.34,0,0,0,0,0,0,0,,,,0,,0.00
7663422017133314082,4植发-混剪-空空-舒曼-活动（女性美学）（发际线下调）（空镜）-汝春-2607-10-11-13-17.mp4,广州,植发,混剪,女性美学,发际线下调,发际线下调,空镜,空空,舒曼,汝春,,202607,,3.25,0,0,0,0,0,0,0,,,,0,,0.00
7660365653496463366,8植发-混剪-空空-舒曼-绒毛感（女性美学）（优势）（空镜）-李铁良-20260708.mp4,广州,植发,混剪,女性美学,优势,其他,空镜,空空,舒曼,铁良,,202607,,3.12,0,0,0,0,0,0,0,,,,0,,0.00
7591481633279279119,推送视频_植发-剧情-蛋黄妍妍-效果-诊室-希琛-美学哈喽女性_方案-张艳秋-250925-251013.mp4,广州,植发,剧情,方案,方案,方案,诊室,蛋黄,希琛,艳秋,,202510,,3.07,0,0,0,0,0,0,0,,,,0,,0.00
7663422528535642118,2植发-混剪-空空-舒曼-绒毛感（女性美学）（美学方案定制）（优势）（空）-汝春-（发际线下调）（空镜）-汝春-2607-10-11-13-17.mp4,广州,植发,混剪,方案,优势,其他,空镜,空空,舒曼,汝春,,202607,,2.90,0,0,0,0,0,0,0,,,,0,,0.00
7650444410076495924,推送视频_植发-混剪-空空-空镜-时间-钱-门头数字人-希琛-马亚书-260608.mp4,广州,植发,混剪,时间,钱,其他,空镜,空空|数字人,希琛,亚书,,202606,,2.89,0,0,0,0,0,0,0,,,,0,,0.00
7624742639015215104,SY改本地生活-植发剧情-crc-hx-260114（诊室面诊 价格)-260116-260404.mp4,广州,植发,剧情,价格,,无,诊室,,,,SY,202604,,2.88,0,0,0,0,0,0,0,,,,0,,0.00
7594352984168349736,推送视频_植发-拼接-空空-方案-空空-HX-（女）10秒咨询-王赫-260104-260104.mp4,广州,植发,,方案,方案,方案,,空空,王赫,HX|王赫,,202601,,2.83,0,0,0,0,0,0,0,,,,0,,0.00
7663428566707568703,5植发-剧情创新-冰冰MARC-志松-高标准（女性美学）（美学方案定制）（空镜）-跃海-2607-12-13-14-17.mp4,广州,植发,剧情,方案,方案,方案,空镜,MARC,志松,跃海,,202607,,2.82,0,0,0,0,0,0,0,,,,0,,0.00
7631117336640192562,推送视频_7植发-口播-圣男-效果-画线-诊室-王赫-快女-张明辉-260416.mp4,广州,植发,口播,效果,画线,其他,诊室,圣男,王赫,明辉|王赫,,202604,,2.81,0,0,0,0,0,0,0,,,,0,,0.00
7648149899948458018,推送视频_植发-混剪-空空-空镜-价格-钱-大字报2-希琛-马亚书-260604.mp4,广州,植发,混剪,价格,钱,其他,空镜,空空,希琛,亚书,,202606,,2.72,0,0,0,0,0,0,0,,,,0,,0.00
7657024809587408937,推送视频_3植发-剧情创新-齐政莱莱 -舒曼-好几万（女性美学）（漂亮）（诊室）-跃海-20260629.mp4,广州,植发,剧情,女性美学,漂亮,其他,诊室,,舒曼,跃海,,202606,,2.64,0,0,0,0,0,0,0,,,,0,,0.00
7628523245901971490,推送视频_2植发-边框剧情-雅婷智贺-舒曼-害怕（女性美学）（漂亮）（诊室）-艳秋-260414.mp4,广州,植发,剧情,女性美学,漂亮,其他,诊室,雅婷|智贺,舒曼,艳秋,,202604,,2.41,0,0,0,0,0,0,0,,,,0,,0.00
7661887873026883599,8植发-剧情-豆豆MARC-舒曼-大花瓣（女性美学）（发际线下调）（诊室）-王磊-20260710.mp4,深圳,植发,剧情,女性美学,发际线下调,发际线下调,诊室,豆豆|MARC,舒曼,王磊,,202607,,2.33,0,0,0,0,0,0,0,,,,0,,0.00
7659333359798288393,推送视频_5植发-剧情创新-齐政莱莱 -舒曼-小一圈（女性美学）（漂亮）（诊室）-王磊-20260701.mp4,广州,植发,剧情,女性美学,漂亮,其他,诊室,,舒曼,王磊,,202607,,2.26,0,0,0,0,0,0,0,,,,0,,0.00
7661892629644509184,8植发-混剪-空空-价格-支付-空镜-刘超-爆上河-杨子贤-20260710.mp4,广州,植发,混剪,价格,,无,空镜,空空,刘超,,,202607,,2.24,0,0,0,0,0,0,0,,,,0,,0.00
7659338845084876815,推送视频_植发-混剪-空空-空镜-价格-技术-男医生-希琛-马亚书-260701.mp4,广州,植发,混剪,技术,医生,其他,空镜,空空,希琛,亚书,,202607,,2.21,0,0,0,0,0,0,0,,,,0,,0.00
7598548196994793535,推送视频_本地生活-6植发-实拍6-张艳秋-gzs-260120发际线设计（女性美学)(诊室)-260120.mp4,广州,植发,,设计,,无,诊室,,,艳秋,,202601,,1.56,0,0,0,0,0,0,0,,,,0,,0.00
7602139589520949257,推送视频_植发-剧情-万幸昊天-技术-诊室-王赫-偷偷（女）价格-张明辉-260113-260128.mp4,广州,植发,剧情,技术,,无,诊室,万幸|昊天,王赫,明辉|王赫,,202601,,1.52,0,0,0,0,0,0,0,,,,0,,0.00
7663422005166145571,1植发-口播创新-齐政莱莱 -舒曼-二十年前（女性美学）（发际线下调）（诊室）-汝春-2607-10-11-13-17.mp4,广州,植发,口播,女性美学,发际线下调,发际线下调,诊室,,舒曼,汝春,,202607,,1.49,0,0,0,0,0,0,0,,,,0,,0.00
7651452874707025958,推送视频_2植发-口播-朵拉广硕-效果-漂亮-诊室-王赫-没台词（女性）-时亿-260608.mp4,广州,植发,口播,效果,漂亮,其他,诊室,朵拉|广硕,王赫,时亿|王赫,,202606,,1.44,0,0,0,0,0,0,0,,,,0,,0.00
7649269429737619508,推送视频_2植发-剧情边框-亚堃丽娜-志松-做不了（方案）（经验）（诊室）-跃海-20260608.mp4,广州,植发,剧情,方案,经验,其他,诊室,丽娜,志松,跃海,,202606,,1.44,0,0,0,0,0,0,0,,,,0,,0.00
7661887721875947530,5植发-剧情创新-豆豆MARC-舒曼-20年（女性美学）（发际线下调）（诊室）-王磊-20260710.mp4,深圳,植发,剧情,女性美学,发际线下调,发际线下调,诊室,豆豆|MARC,舒曼,王磊,,202607,,1.39,0,0,0,0,0,0,0,,,,0,,0.00
7651521654661365794,推送视频_5植发-剧情-圣男博洋-舒曼-偏高（女性美学）（漂亮）（诊室）-王磊-20260615.mp4,广州,植发,剧情,女性美学,漂亮,其他,诊室,圣男,舒曼,王磊,,202606,,1.31,0,0,0,0,0,0,0,,,,0,,0.00
7659329485371818035,推送视频_植发-拼接-空空-价格-钱-空镜-王赫-打电话-WH-260703.mp4,广州,植发,,价格,钱,其他,空镜,空空,王赫,WH|王赫,,202607,,1.30,0,0,0,0,0,0,0,,,,0,,0.00
7620283604808499250,推送视频_17植发-口播-新瑜-价格-优势-诊室-王赫-再秃-马亚书-260318.mp4,广州,植发,口播,价格,优势,其他,诊室,新瑜,王赫,亚书|王赫,,202603,,1.29,0,0,0,0,0,0,0,,,,0,,0.00
7657826412674613257,3植发-剧情-小语延旭-志松海峰-旅游（女性美学）（漂亮）（诊室）-跃海-20260701,广州,植发,剧情,女性美学,漂亮,其他,诊室,,志松|海峰,跃海,,202607,1,1.14,0,0,0,0,0,0,0,,,,0,,0.00
7654413564170354715,推送视频_6植发-口播-圣男-志松-5次（女性美学）（漂亮）（诊室）-跃海-20260623.mp4,广州,植发,口播,女性美学,漂亮,其他,诊室,圣男,志松,跃海,,202606,,1.08,0,0,0,0,0,0,0,,,,0,,0.00
7647114596798316584,推送视频_植发-混剪-空空-技术-经验-空镜-王赫-对话5-WH-260601.mp4,广州,植发,混剪,技术,经验,其他,空镜,空空,王赫,WH|王赫,,202606,,1.01,0,0,0,0,0,0,0,,,,0,,0.00
7596165161355968554,0117-本地生活-植发-实拍脚本5-张艳秋-hx-1014-美学专项-种植密度-方案-251016.mp4,广州,植发,,方案,方案,方案,,,,艳秋,,202510,,1.00,0,0,0,0,0,0,0,,,,0,,0.00
7632206204972286004,推送视频_sy植发-混剪-女性美学-设计方案-志松-BLS长发-260421.mp4,广州,植发,混剪,方案,方案,方案,,,志松,,,202604,,0.92,0,0,0,0,0,0,0,,,,0,,0.00
7651521733801050154,推送视频_1植发-剧情创新-圣男博洋-舒曼-越密越好（女性美学）（漂亮）（诊室）-王磊-20260615.mp4,广州,植发,剧情,女性美学,漂亮,其他,诊室,圣男,舒曼,王磊,,202606,,0.85,0,0,0,0,0,0,0,,,,0,,0.00
7636949275773796392,推送视频_6植发-剧情边框-昊天馨以-舒曼-花瓣形（女性美学）（漂亮）（诊室）-艳秋-260506.mp4,广州,植发,剧情,女性美学,漂亮,其他,诊室,昊天,舒曼,艳秋,,202605,,0.83,0,0,0,0,0,0,0,,,,0,,0.00
7620283196489154569,推送视频_16植发-口播-蛋黄-价格-钱-诊室-刘超-头发-马亚书-260320.mp4,广州,植发,口播,价格,钱,其他,诊室,蛋黄,刘超,亚书,,202603,,0.78,0,0,0,0,0,0,0,,,,0,,0.00
7659339333291376666,推送视频_植发-混剪-空空-设计-支付-空镜-刘超-爆注-马亚书-260701.mp4,广州,植发,混剪,设计,,无,空镜,空空,刘超,亚书,,202607,,0.75,0,0,0,0,0,0,0,,,,0,,0.00
7661887869560995886,4植发-剧情-豆豆MARC-舒曼-不够（女性美学）（发际线下调）（诊室）王磊-20260710.mp4,深圳,植发,剧情,女性美学,发际线下调,发际线下调,诊室,豆豆|MARC,舒曼,王磊,,202607,,0.66,0,0,0,0,0,0,0,,,,0,,0.00
7663421957556371510,3植发-混剪-空空-舒曼-绒毛感（女性美学）（优势）（空镜）-汝春-260710.mp4,广州,植发,混剪,女性美学,优势,其他,空镜,空空,舒曼,汝春,,202607,,0.65,0,0,0,0,0,0,0,,,,0,,0.00
7651521557596586035,推送视频_2植发-剧情-圣男博洋-舒曼-美人尖（女性美学）（漂亮）（诊室）-王磊20260615.mp4,广州,植发,剧情,女性美学,漂亮,其他,诊室,圣男,舒曼,王磊,,202606,,0.59,0,0,0,0,0,0,0,,,,0,,0.00
7662979517385916442,4植发-剧情创新-冰冰MARC-志松-（女性美学）（发际线下调）（诊室）-跃海-2607-12-13-14-15.mp4,广州,植发,剧情,女性美学,发际线下调,发际线下调,诊室,MARC,志松,跃海,,202607,,0.52,0,0,0,0,0,0,0,,,,0,,0.00
7660336540991995967,11植发-剧情创新-圣男博洋-舒曼-预算（女性美学）（漂亮）（诊室）-跃海-20260707.mp4,深圳,植发,剧情,女性美学,漂亮,其他,诊室,圣男,舒曼,跃海,,202607,,0.50,0,0,0,0,0,0,0,,,,0,,0.00
7657743053809893417,17植发-口播-瑞华-技术-优势-诊室-希琛-腾讯AI自测脱发困扰-石帅-20260629.mp4,广州,植发,口播,技术,优势,其他,诊室,瑞华,希琛,,,202606,,0.47,0,0,0,0,0,0,0,,,,0,,0.00
7591403471406956571,推送视频_W改-植发-实拍脚本5-张艳秋-hx-260104.mp4,广州,植发,,,,无,,,,艳秋,,202601,,0.47,0,0,0,0,0,0,0,,,,0,,0.00
7663422525591535650,2植发-混剪-空空-舒曼-见识（女性美学）（发际线下调）（空镜）-汝春-2607-10-11-13-17.mp4,广州,植发,混剪,女性美学,发际线下调,发际线下调,空镜,空空,舒曼,汝春,,202607,,0.47,0,0,0,0,0,0,0,,,,0,,0.00
7636949146323206153,推送视频_11植发-剧情边框-昊天馨以-舒曼-低点（女性美学）（漂亮）（诊室）-艳秋-260506.mp4,广州,植发,剧情,女性美学,漂亮,其他,诊室,昊天,舒曼,艳秋,,202605,,0.46,0,0,0,0,0,0,0,,,,0,,0.00
7660119545173098559,7植发-剧情-圣男智贺-价格-钱-前台-希琛-起量5年-王磊-0703.mp4,广州,植发,剧情,价格,钱,其他,前台,圣男|智贺,希琛,王磊,,200703,,0.42,0,0,0,0,0,0,0,,,,0,,0.00
7663422523281752105,3植发-混剪-空空-舒曼-活动（女性美学）（发际线下调）（优势）（空镜）-汝春-（发际线下调）（空镜）-汝春-2607-10-11-13-17.mp4,广州,植发,混剪,女性美学,优势,其他,空镜,空空,舒曼,汝春,,202607,,0.41,0,0,0,0,0,0,0,,,,0,,0.00
7663421957405458472,1植发-混剪-空空-舒曼-花瓣形（女性美学）（发际线下调）（画线）（空镜-汝春-260713.mp4,广州,植发,混剪,女性美学,画线,其他,空镜,空空,舒曼,汝春,,202607,,0.37,0,0,0,0,0,0,0,,,,0,,0.00
7599923491647586314,推送视频_本地生活-女性美学-实拍3-crc-志松-260119（诊室面诊）-260121.mp4,广州,,,女性美学,,无,诊室,,志松,,,202601,,0.31,0,0,0,0,0,0,0,,,,0,,0.00
7630705055050465314,推送视频_2植发-混剪-空空-舒曼-左右（女性美学）（漂亮）（空镜）-王磊-20260416.mp4,广州,植发,混剪,女性美学,漂亮,其他,空镜,空空,舒曼,王磊,,202604,,0.27,0,0,0,0,0,0,0,,,,0,,0.00
7644381466765148166,推送视频_4植发-剧情-瑞华安子-志松-有消息（女性美学）（技术）（诊室）-跃海-20260601-广审版.mp4,广州,植发,剧情,技术,,无,诊室,瑞华,志松,跃海,,202606,,0.27,0,0,0,0,0,0,0,,,,0,,0.00
7625938478623834164,SY改广植发-剧情-丽娜田涛-设计-诊室-刘超-女性算毛囊咨询-260107-260407.mp4,广州,植发,剧情,设计,,无,诊室,丽娜|田涛,刘超,,SY,202604,,0.25,0,0,0,0,0,0,0,,,,0,,0.00
7659329508000088114,推送视频_植发-拼接-空空-技术-经验-空镜-王赫-躺下2-WH-260703.mp4,广州,植发,,技术,经验,其他,空镜,空空,王赫,WH|王赫,,202607,,0.19,0,0,0,0,0,0,0,,,,0,,0.00
7657906532172333082,29植发-剧情-圣男欣童-效果-钱-诊室-希琛-起量画好了-时亿-260701.mp4,广州,植发,剧情,效果,钱,其他,诊室,圣男|欣童,希琛,时亿,,202607,,0.17,0,0,0,0,0,0,0,,,,0,,0.00
7628523229746233394,推送视频_10植发-边框剧情-圣男广硕-舒曼-510（价格）（对比）（大厅）-艳秋-26414.mp4,广州,植发,剧情,价格,对比,其他,大厅,圣男|广硕,舒曼,艳秋,,,,0.16,0,0,0,0,0,0,0,,,,0,,0.00
7629277370856456243,推送视频_2植发-混剪-圣男智贺-舒曼-羡慕（女性美学）（漂亮）（空镜）-跃海-260416-广审版.mp4,广州,植发,混剪,女性美学,漂亮,其他,空镜,圣男|智贺,舒曼,跃海,,202604,,0.12,0,0,0,0,0,0,0,,,,0,,0.00
7657906488413896730,29植发-剧情-圣男欣童-技术-售后-诊室-王赫-几千-时亿-260701.mp4,广州,植发,剧情,技术,售后,其他,诊室,圣男|欣童,王赫,时亿|王赫,,202607,,0.11,0,0,0,0,0,0,0,,,,0,,0.00
7632919585019052070,推送视频_20植发-剧情-丽娜田涛-设计-画线-诊室-刘超-女算毛囊-时亿-260422(1).mp4,广州,植发,剧情,设计,画线,其他,诊室,丽娜|田涛,刘超,时亿,,202604,,0.09,0,0,0,0,0,0,0,,,,0,,0.00
7663422535826227236,4植发-混剪-空空-舒曼-猫耳朵（女性美学）（发际线下调）（优势）（空镜-汝春-（发际线下调）（空镜）-汝春-2607-10-11-13-17.mp4,广州,植发,混剪,女性美学,优势,其他,空镜,空空,舒曼,汝春,,202607,,0.07,0,0,0,0,0,0,0,,,,0,,0.00
7657826410120249394,1植发-口播创新-延旭 -志松-二十年前（女性美学）（优势）（诊室）-跃海-20260701,广州,植发,口播,女性美学,优势,其他,诊室,,志松,跃海,,202607,,0.06,0,0,0,0,0,0,0,,,,0,,0.00
7636642604082331667,推送视频_4植发-口播创新-昊天馨以-舒曼-差别（创新）（女性美学）（漂亮）（空镜）-艳秋-260506.mp4,广州,植发,口播,女性美学,漂亮,其他,空镜,昊天,舒曼,艳秋,,202605,,0.05,0,0,0,0,0,0,0,,,,0,,0.00
7646295660682215487,推送视频_26植发-剧情-丽娜昊天-价格-支付-诊室-刘超-要花-时亿-260601.mp4,广州,植发,剧情,价格,,无,诊室,丽娜|昊天,刘超,时亿,,202606,,0.05,0,0,0,0,0,0,0,,,,0,,0.00
7660365378192588815,12-2植发-剧情-齐政莱莱 -舒曼-满意（女性美学）（漂亮）（诊室）-李铁良-20260708.mp4,广州,植发,剧情,女性美学,漂亮,其他,诊室,,舒曼,铁良,,202607,,0.04,0,0,0,0,0,0,0,,,,0,,0.00
7628520902233686016,推送视频_2植发-剧情-雅婷智贺-舒曼-害怕（女性美学）（漂亮）（诊室）-艳秋-260414.mp4,广州,植发,剧情,女性美学,漂亮,其他,诊室,雅婷|智贺,舒曼,艳秋,,202604,,0.01,0,0,0,0,0,0,0,,,,0,,0.00
7630705039915270178,推送视频_1植发-混剪-空空-舒曼-喜欢（女性美学）（漂亮）（空镜）-王磊-20260416.mp4,广州,植发,混剪,女性美学,漂亮,其他,空镜,空空,舒曼,王磊,,202604,,0.01,0,0,0,0,0,0,0,,,,0,,0.00
7580288457307570191,推送视频_改广-19-3周-王舒曼-510-19-李子剑-混剪(3).mp4,广州,,混剪,,,无,,,舒曼,子剑,,,,0.00,0,0,0,0,0,0,0,,,,0,,
